name;symbol;isincode;marketIdentificationCode
1&1 Drillisch;DU300666;DE0005545503;XETR
1000mercis;FR310610;FR0010285965;XPAR
11 88 0 Solutions AG;TGT;DE0005118806;XETR
2CRSI SA;2CRSI;FR0013341781;XPAR
2G Energy AG;2GB;DE000A0HL8N9;XETR
3i Group PLC;III;GB00B1YW4409;XLON
3U Holding AG;DU300650;DE0005167902;XETR
4imprint PLC;FOUR;GB0006640972;XLON
A Toute Vitesse -ATV-;MLATV;FR0010050773;XPAR
A2A SpA;A2A;IT0001233417;MTAA
AA PLC;AA;GB00BMSKPJ95;XLON
Aalberts NV;AAI;NL0000852564;XAMS
AAP Implantate AG;DU300983;DE0005066609;XETR
Aareal Bank AG;DU300453;DE0005408116;XETR
AB Inbev;ABI;BE0974293251;XBRU
AB Science SA;AB;FR0010557264;XPAR
Abbey PLC;ABBY;IE0000020408;XDUB
ABC Arbitrage;ABCA;FR0004040608;XPAR
Abengoa SA -A-;DU302097;ES0105200416;XETR
ABEO SA;ABEO;FR0013185857;XPAR
Abionix Pharma SA;CEREN;FR0012616852;XPAR
Abivax SA;ABVX;FR0012333284;XPAR
Ablynx NV -Acquired-;BE320250;BE0003877942;XBRU
ABN AMRO Bank Cert.;ABN;NL0011540547;XAMS
ABO Group Environment;ABO;BE0974278104;XBRU
Acacia Pharma Group PLC;ACPH;GB00BYWF9Y76;XBRU
AcadeMedia AB;ACAD;SE0007897079;XSTO
Accell Group;ACCEL;NL0009767532;XAMS
Accentis;BE320134;BE0003696102;XBRU
Accenture  Plc  -A-;ACN;IE00B4BNMY34;XNYS
Accesso Technology Group PLC;ACSO;GB0001771426;XLON
Acciona SA;ANA;ES0125220311;XMAD
Accor;AC;FR0000120404;XPAR
Accsys Technologies PLC;AXS;GB00BQQFX454;XAMS
Acea;ACE;IT0001207098;MTAA
Acerinox SA;ACX;ES0132105018;XMAD
Acheter-Louer.FR;ALALO;FR0010493510;XPAR
Ackermans & Van Haaren;AVH;BE0003764785;XBRU
ACS SA;ACS;ES0167050915;XMAD
Acteos;EOS;FR0000076861;XPAR
Actia Group;ATI;FR0000076655;XPAR
Ad Pepper Media International NV;DU300427;NL0000238145;XETR
ADA;ALADA;FR0000053076;XPAR
Addlife AB;ALIFB;SE0007982814;XSTO
Adeunis RF SA;ALARF;FR0013284627;XPAR
Adevinta ASA;ADE;NO0010844038;XOSL
Adidas AG;ADS;DE000A1EWWW0;XETR
Adlpartner;ALP;FR0000062978;XPAR
Admiral Group PLC;ADM;GB00B02J6398;XLON
ADO Properties SA;ADJ;LU1250154413;XETR
Adocia SAS;ADOC;FR0011184241;XPAR
Adolfo Dominquez SA;ES340139;ES0106000013;XMAD
Adomos;ALADO;FR0013247244;XPAR
ADP;ADP;FR0010340141;XPAR
AdThink Media N.;ALADM;FR0010457531;XPAR
Adux;ADUX;FR0012821890;XPAR
ADVA Optical Networking SE;DU300073;DE0005103006;XETR
Advenis SA;ADV;FR0004152874;XPAR
Advicenne;ADVIC;FR0013296746;XPAR
Advini SA;FR310518;FR0000053043;XPAR
Adyen NV;ADYEN;NL0012969182;XAMS
Aegon  -ADR-;US110004;US0079241032;XNYS
AEGON NV;IT390438;NL0000303709;MTAA
Aena SME SA;AENA;ES0105046009;XMAD
Aercap Holdings;US112698;NL0000687663;XNYS
Aeroporto Di Bologna SpA;ADB;IT0001006128;MTAA
AF Gruppen ASA;NO570051;NO0003078107;XOSL
AFC Ajax;1803;NL0000018034;XAMS
Ageas;FORA;BE0974264930;MTAA
Agfa-Gevaert;AGE;BE0003755692;XBRU
Aggreko PLC;AGK;GB00BK1PTB77;XLON
Agripower France SA;ALAGP;FR0013452281;XPAR
Agrogeneration;ALAGR;FR0010641449;XPAR
Ahold Delhaize;AD;NL0011794037;XAMS
Air Berlin PLC;DU300931;GB00B128C026;XETR
Air France - KLM;AF;FR0000031122;XPAR
Air Liquide;AI;FR0000120073;XPAR
Air Marine SACA;MLAIM;FR0013285103;XPAR
Airbus SE;EA1;NL0000235190;XPAR
Aixtron SE;AIXA;DE000A0WMPJ6;XETR
Akka Technologies;AKA;FR0004180537;XPAR
AKWEL;AKW;FR0000053027;XPAR
Akzo Nobel;AKZ;NL0013267909;XAMS
Albioma;ABIO;FR0000060402;XPAR
ALD SA;ALD;FR0013258662;XPAR
Ales Groupe;FR311973;FR0000054652;XPAR
Alfen NV;ALFEN;NL0012817175;XAMS
Alimak Group AB;ALIG;SE0007158910;XSTO
Alkermes PLC;US135553;IE00B56GVS15;XNAS
Allegion PLC;ALLE;IE00BFRT3W74;XNYS
Allgeier SE;AEIN;DE000A2GS633;XETR
Allianz SE;ALV;DE0008404005;XETR
Almirall SA;ES340167;ES0157097017;XMAD
Alpha MOS SA;ALM;FR0013421286;XPAR
Alstom Act.;ALO;FR0010220475;XPAR
Altamir;LTA;FR0000053837;XPAR
Altareit;AREIT;FR0000039216;XPAR
Alten;ATE;FR0000071946;XPAR
Altice Europe NV -A-;ATC;NL0011333752;XAMS
Altice Europe NV -B-;ATCB;NL0011333760;XAMS
Altisource Portfolio Solutions SA;US135670;LU0445408270;XNAS
Altran Technologies;ALT;FR0000034639;XPAR
Altri SGPS SA;ALTR;PTALT0AE0002;XLIS
Altur Investissement;ALTUR;FR0010395681;XPAR
Alumexx NV;ALX;NL0012194724;XAMS
Amadeus Fire AG;DU300439;DE0005093108;XETR
Amadeus IT Group SA -A-;AMS;ES0109067019;XMAD
Amarin Corp.  -ADR-;AMRN;US0231112063;XNAS
Ambu A/S;AMBUB;DK0060946788;XCSE
AMG Advanced Metallurgical Group;AMG;NL0000888691;XAMS
Aminex PLC;GB400288;IE0003073255;XLON
Amino Technologies PLC;GB400446;GB00B013SN63;XLON
Amoeba SAS;AMEBA;FR0011051598;XPAR
Amper SA.;ES340006;ES0109260531;XMAD
Amplifon;AMP;IT0004056880;MTAA
Amplitude Surgical SAS;AMPLI;FR0012789667;XPAR
AMS AG;AMS;AT0000A18XM4;XSWX
Amsterdam Commodities;ACOMO;NL0000313286;XAMS
Amundi SA;AMUN;FR0004125920;XPAR
AND International Publishers;AND;NL0000430106;XAMS
Andritz AG;ANDR;AT0000730007;XWBO
Anevia SA;ALANV;FR0011910652;XPAR
Anglo American PLC;AAL;GB00B1XZS820;XLON
Anglo Pacific Group PLC;GB400950;GB0006449366;XLON
Anima Holding SpA;ANIM;IT0004998065;MTAA
Antalis;ANTA;FR0013258589;XPAR
Antevenio;ALANT;ES0109429037;XPAR
Antofagasta PLC;ANTO;GB0000456144;XLON
Aperam;AP;LU0569974404;XAMS
Applied Graphene Materials PLC;AGM;GB00BFSSB742;XLON
Applus Services SA;APPS;ES0105022000;XMAD
April;FR311969;FR0004037125;XPAR
Aptiv PLC;APTV;JE00B783TY65;XNYS
Aqua Bio Technology ASA;NO570150;NO0010307135;XOSL
Aquila;ALAQU;FR0010340711;XPAR
Arcadis;ARC;NL0006237562;XAMS
Arcandor AG;DU300015;DE0006275001;XETR
ArcelorMittal;MT;LU1598757687;XAMS
Archos;JXR;FR0000182479;XPAR
Arctic Paper SA;ARP;PLARTPR00012;XSTO
Arcure SA;ALCUR;FR0013398997;XPAR
Argenx SE;ARGX;NL0010832176;XBRU
Arise AB;ARISE;SE0002095604;XSTO
Arkema France;AKE;FR0010313833;XPAR
Arnoldo mondadori editore;MN;IT0001469383;MTAA
Aroundtown SA;AT1;LU1673108939;XETR
Arrow Global Group PLC;ARW;GB00BDGTXM47;XLON
Artea;ARTE;FR0012185536;XPAR
Artec Technologies AG;DU303260;DE0005209589;XETR
Artefact;ALATF;FR0000079683;XPAR
Artmarket.com;PRC;FR0000074783;XPAR
AS Roma SPA;ASR;IT0001008876;MTAA
Ascopiave SPA;ASC;IT0004093263;MTAA
Ashmore Group PLC;GB400149;GB00B132NW22;XLON
Ashtead Group PLC;AHT;GB0000536739;XLON
Asit Biotech SA;ASIT;BE0974289218;XBRU
Asknet AG Electronic Business Solutions;NWAY;DE000A2E3707;XETR
ASM International;ASM;NL0000334118;XAMS
ASML;ASL;NL0010273215;XAMS
ASML Holding NV -ADR-;ASML;USN070592100;XNAS
Asos PLC;GB400579;GB0030927254;XLON
ASR Nederland NV;ASRNL;NL0011872643;XAMS
Assa Abloy AB -B-;ASSAB;SE0007100581;XSTO
Associated British Food PLC;ABF;GB0006731235;XLON
Assystem;ASY;FR0000074148;XPAR
AST Groupe;ASP;FR0000076887;XPAR
Astaldi SpA;AST;IT0003261069;MTAA
ASTM SpA;AT;IT0000084027;MTAA
Aston Martin Lagonda Global Holdings PLC;AML;GB00BFXZC448;XLON
AstraZeneca PLC;SE560023;GB0009895292;XSTO
Astrazeneca Plc.  -ADR-;AZN;US0463531089;XNYS
Atari;ATA;FR0010478248;XPAR
Atea ASA;NO570172;NO0004822503;XOSL
ATEME SA;ATEME;FR0011992700;XPAR
Atenor;BE320209;BE0003837540;XBRU
Atlantia SpA;ATL;IT0003506190;MTAA
Atlantica Yield plc;AY;GB00BLP5YB54;XNAS
Atlas Copco AB -A-;ATCOA;SE0011166610;XSTO
Atos;ATO;FR0000051732;XPAR
Atoss Software;DU300947;DE0005104400;XETR
Atresmedia Corporacion de Medios de Com;A3M;ES0109427734;XMAD
Aubay;AUB;FR0000063737;XPAR
AUDI AG;DU300967;DE0006757008;XETR
Audiovalley SA;ALAVY;BE0974334667;XPAR
Augros Cosmetic Packaging;FR311048;FR0000061780;XPAR
Aumann AG;AAG;DE000A2DAM03;XETR
Auplata Mining Group;ALAMG;FR0013410370;XPAR
Aurea SA;AURE;FR0000039232;XPAR
Aurelius Equity Opportunities;DU301732;DE000A0JK2A8;XETR
Aures Technologies;AURST;FR0013183589;XPAR
Aurubis AG;DU300672;DE0006766504;XETR
Austevoll Seafood;NO570071;NO0010073489;XOSL
Austria Technologie & Systemtechnik AG;ATS;AT0000969985;XWBO
Auto Trader Group PLC;AUTO;GB00BVYVFW23;XLON
Autogrill SpA;AGL;IT0001137345;MTAA
Avantium Holding;AVTX;NL0012047823;XAMS
Avenir Telecom;AVT;FR0000066052;XPAR
Avio SpA;AVIO;IT0005119810;MTAA
Aviva PLC;AV/;GB0002162385;XLON
Avocet Mining PLC;AVM;GB00BZBVR613;XLON
Awilco Drilling PLC;AWDR;GB00B5LJSC86;XOSL
AwoX SA;AWOX;FR0011800218;XPAR
AXA SA;CS;FR0000120628;XPAR
Axel Springer SE;SPR;DE0005501357;XETR
Axway Software SA;AXW;FR0011040500;XPAR
Azimut Holding SpA;AZM;IT0003261697;MTAA
Azkoyen;ES340061;ES0112458312;XMAD
B.I.C.;BB;FR0000120966;XPAR
B&C Speakers SpA;BEC;IT0001268561;MTAA
B&M European Value Retail SA;BME;LU1072616219;XLON
B+S Banksysteme AG;DU300429;DE0001262152;XETR
Baader Bank AG;DU300973;DE0005088108;XETR
Babcock International Group PLC;BAB;GB0009697037;XLON
Baccarat;BCRA;FR0000064123;XPAR
BAE Systems PLC;BA;GB0002634946;XLON
Baikowski SAS;ALBKK;FR0013384369;XPAR
Balta Group;BALTA;BE0974314461;XBRU
Balyo SA;BALYO;FR0013258399;XPAR
BAM;BAM;NL0000337319;XAMS
Banca Carige SpA;CRG;IT0005108763;MTAA
Banca Farmafactoring SpA;BFF;IT0005244402;MTAA
Banca Ifis SpA;IF;IT0003188064;MTAA
Banca Monte dei Paschi di Siena;BMPS;IT0005218752;MTAA
Banca Sistema SpA;BST;IT0003173629;MTAA
Banco Bilbao Vizcaya Argentaria SA;BBVA;ES0113211835;XMAD
Banco BPM SpA;BAMI;IT0005218380;MTAA
Banco de Sabadell SA;SAB;ES0113860A34;XMAD
Banco Desio e della Brianza;BDB;IT0001041000;MTAA
Banco Santander SA;SAN;ES0113900J37;XMAD
Banco Santander SA -ADR-;SAN;US05964H1059;XNYS
Bango PLC;GB400934;GB00B0BRN552;XLON
Bank of Ireland Group PLC (EUR);BIRG;IE00BD1RP616;XLON
Bankia SA;BKIA;ES0113307062;XMAD
Bankinter SA;BKT;ES0113679I37;XMAD
Barbara Bui;BUI;FR0000062788;XPAR
Barclays Bank PLC -ADR-;BCS;US06738E2046;XNYS
Barclays PLC;BARC;GB0031348658;XLON
Barco NV;BAR;BE0003790079;XBRU
Baron de Ley SA;BDL;ES0114297015;XMAD
Barratt Developments PLC;BDEV;GB0000811801;XLON
BASF SE;BAS;DE000BASF111;XETR
Basic-Fit NV;BFIT;NL0011872650;XAMS
Basicnet SpA;BAN;IT0001033700;MTAA
Basler AG;DU300417;DE0005102008;XETR
Bassac SA;BASS;FR0004023208;XPAR
Bastide Le Confort Medical;BLC;FR0000035370;XPAR
Batla Minerals;MLBAT;FR0010436170;XPAR
Bauer AG;DU301016;DE0005168108;XETR
Bavaria Industriekapital AG;DU301513;DE0002605557;XETR
BAWAG Group AG;BG;AT0000BAWAG2;XWBO
Bayer AG;BAYN;DE000BAY0017;XETR
BAYWA  AG;DU301220;DE0005194062;XETR
BBGI Sicav;BBGI;LU0686550053;XLON
BCP Banco Comercial Portugues;BCP;PTBCP0AM0015;XLIS
BD Multimedia;ALBDM;FR0000035305;XPAR
BE Semiconductor Industries;BESI;NL0012866412;XAMS
BE SpA;BET;IT0001479523;MTAA
Beate-Uhse;DU300050;DE0007551400;XETR
Bechtle AG;DU300948;DE0005158703;XETR
Beghelli SpA;BE;IT0001223277;MTAA
Beiersdorf AG;BEI;DE0005200000;XETR
Bekaert;BEK;BE0974258874;XBRU
BEL Sarl;FR310990;FR0000121857;XPAR
Bellway PLC;BWY;GB0000904986;XLON
Beluga;BE320389;BE0003723377;XBRU
Beneteau;BEN;FR0000035164;XPAR
Berkeley Group Holdings (The) PLC;BKG;GB00B02L3W35;XLON
Bernard Loiseau SA;ALDBL;FR0000066961;XPAR
Bertrandt AG;DU301515;DE0005232805;XETR
bet-at-home.com AG;DU301578;DE000A0DNAY5;XETR
Beter Bed Holding;BBED;NL0000339703;XAMS
Bialetti Industrie SpA;BIA;IT0004222102;MTAA
Biancamano SpA;BCM;IT0004095888;MTAA
Biesse SpA;BSS;IT0003097257;MTAA
Big Yellow Group PLC;BYG;GB0002869419;XLON
Bigben Interactive;BIG;FR0000074072;XPAR
Bijou Brigitte Modi Access;DU300573;DE0005229504;XETR
Bilendi;FR310524;FR0004174233;XPAR
Bilfinger SE;DU300331;DE0005909006;XETR
Bio-On S.p.A.;ON;IT0005056236;XAIM
BIO-UV Group;ALTUV;FR0013345493;XPAR
Biocartis NV;BCART;BE0974281132;XBRU
Biocorp;ALCOR;FR0012788065;XPAR
Biofrontera AG;DU301332;DE0006046113;XETR
Biom Up SA;BUP;FR0013284080;XPAR
BioMerieux;BIM;FR0013280286;XPAR
Biophytis;ALBPS;FR0012816825;XPAR
Biosearch SA;BIO;ES0172233118;XMAD
Biosynex;ALBIO;FR0011005933;XPAR
Biotechnology Research & Info Network;BNN;DE0005203947;XETR
Biotest AG.;BIO;DE0005227201;XETR
Bitcoin Group SE;ADE;DE000A1TNV91;XETR
BlackRock World Mining Tst PLC;GB400225;GB0005774855;XLON
Bloomsbury Publishing PLC;GB400156;GB0033147751;XLON
Blue Prism Group PLC;PRSM;GB00BYQ0HV16;XLON
Blue Solutions SA;BLUE;FR0011592104;XPAR
Bluelinea SA;ALBLU;FR0011041011;XPAR
BMW AG;BMW;DE0005190003;XETR
BNP Paribas SA;BNP;FR0000131104;XPAR
Bodegas Riojanas SA;ES340161;ES0115002018;XMAD
Body One SA;MLONE;FR0010106039;XPAR
Boiron SA;BOI;FR0000061129;XPAR
Boliden AB;BOL;SE0012455673;XSTO
Bollore SA;BOL;FR0000039299;XPAR
Bolsas y Mercados Espanoles SA;ES340113;ES0115056139;XMAD
Bonduelle;BON;FR0000063935;XPAR
Bone Therapeutics;BOTHE;BE0974280126;XBRU
Bonheur ASA;BON;NO0003110603;XOSL
Boostheat;BOOST;FR0011814938;XPAR
Borussia Dortmund GmbH & Co KGaA;DU301687;DE0005493092;XETR
Boskalis;BOKA;NL0000852580;XAMS
Bourbon Corp;GBB;FR0004548873;XPAR
Bourse Direct;FR310485;FR0000074254;XPAR
Bouygues SA;EN;FR0000120503;XPAR
BowLeven PLC;GB400614;GB00B04PYL99;XLON
BP PLC;DU300976;GB0007980591;XETR
BPER Banca;BPE;IT0000066123;MTAA
Bpost SA;BPOST;BE0974268972;XBRU
Braemer Shipping Services PLC;GB400684;GB0000600931;XLON
Brederode SA;BREB;LU1068091351;XBRU
Brembo SpA;BRE;IT0005252728;MTAA
Brenntag AG;BNR;DE000A1DAHH0;XETR
Brickability Group PLC;BRCK;GB00BK63S759;XLON
Bricorama SA;ALBOU;FR0000054421;XPAR
Brill, Koninklijke;44252;NL0000442523;XAMS
British American Tobacco PLC;BMT;GB0002875804;XETR
Britvic PLC;GB400466;GB00B0N8QD54;XLON
Brunel International;BRNL;NL0010776944;XAMS
Brunello Cucinelli SpA;BC;IT0004764699;MTAA
BT Group PLC;BT/A;GB0030913577;XLON
Bulten AB;BULTEN;SE0003849223;XSTO
Bunzl PLC;BNZL;GB00B0744B38;XLON
Burberry Group PLC;BRBY;GB0031743007;XLON
Bureau Veritas SA;BVI;FR0006174348;XPAR
Burelle SA;FR312157;FR0000061137;XPAR
Business & Decision;BND;FR0000078958;XPAR
Buzzi Unicem SpA;BZU;IT0001347308;MTAA
Byggma ASA;BMA;NO0003087603;XOSL
Byggmax Group AB;BMAX;SE0003303627;XSTO
ByggPartner i Dalarna Holding AB;BYGGP;SE0009242324;XSTO
Cafom SA.;CAFO;FR0010151589;XPAR
Cairn Energy PLC;GB401085;GB00B74CDH82;XLON
Caisse Reg. de Cr. Agr. Mut. Alpes Prov.;CRAP;FR0000044323;XPAR
CaixaBank;CABK;ES0140609019;XMAD
Caleffi SpA;CLF;IT0003025019;MTAA
Caltagirone Editore;CED;IT0001472171;MTAA
Caltagirone SpA;IT390396;IT0003127930;MTAA
Camellia PLC;GB400290;GB0001667087;XLON
Campine SA;320165;BE0003825420;XBRU
CANCOM SE;COK;DE0005419105;XETR
Capelli;CAPLI;FR0012969095;XPAR
Capgemini SA;CP1;FR0000125338;XPAR
Capita PLC;CPI;GB00B23K0M20;XLON
Capman Oyj   -B-;CAPMAN;FI0009009377;XHEL
Carbios SACA;ALCRB;FR0011648716;XPAR
CareTech Holdings PLC;CTH;GB00B0KWHQ09;XLON
Carillion PLC;GB400668;GB0007365546;XLON
Carl Zeiss Meditec AG;DU300278;DE0005313704;XETR
Carmat;ALCAR;FR0010907956;XPAR
Carpinienne de Participations SA;CARP;FR0000064156;XPAR
Carraro SPA;CARR;IT0001046553;MTAA
Carrefour;CA;FR0000120172;XPAR
Casino Guichard Perrachon;CO1;FR0000125585;XPAR
Cast;CAS;FR0000072894;XPAR
Catana Group;CATG;FR0010193052;XPAR
Catering International & Services;CTRG;FR0000064446;XPAR
Cattolica Assicurazioni;CASS;IT0000784154;MTAA
CBo Territoria;CBOT;FR0010193979;XPAR
CD Projekt SA -Grey-;OTGLF;PLOPTTC00011;OTCB
CECONOMY AG;CEC;DE0007257503;XETR
Cecurity.com;MLCEC;FR0010717579;XPAR
Cegedim SA;CGM;FR0000053506;XPAR
Cellectis;ALCLS;FR0010425595;XPAR
Cellnex Telecom S.A.U.;CLNX;ES0105066007;XMAD
Cellnovo Group SA;CLNV;FR0012633360;XPAR
Celyad;CYAD;BE0974260896;XBRU
Cembre SpA;CMB;IT0001128047;MTAA
Cementir Holding NV;CEM;NL0013995087;MTAA
Cenit AG;DU300600;DE0005407100;XETR
Cenkos Securities PLC;CNKS;GB00B1FLHR07;XLON
Centrica PLC;CNA;GB00B033F229;XLON
Centrotec Sustainable AG;DU301108;DE0005407506;XETR
Ceres Power Holdings PLC;CWR;GB00BG5KQW09;XLON
Cerinnov Group;ALPCV;FR0013178712;XPAR
Cesar SA - Act. Provenant de Regroupment;ALCES;FR0013297165;XPAR
Cewe Stiftung & Co KGAA;DU300938;DE0005403901;XETR
CFE Groupe SA;BE320254;BE0003883031;XBRU
CGG Act;CGG;FR0013181864;XPAR
Character Group PLC;CCT;GB0008976119;XLON
Chargeurs SA;CRI;FR0000130692;XPAR
Chausseria SA;CHSR;FR0000060907;XPAR
Chemins De Fer Departementaux;MLCFD;FR0000037871;XPAR
Cheops Technology;MLCHE;FR0010447086;XPAR
Chr. Hansen Holding A/S;CHR;DK0060227585;XCSE
Christian Dior SE;CDI;FR0000130403;XPAR
Cibox Inter Active;CIB;FR0000054322;XPAR
Cie du Bois Sauvage;BE320185;BE0003592038;XBRU
Cimpress NV;CMPR;IE00BKYC3F77;XNAS
CIR SpA;CIR;IT0000080447;MTAA
Citycon Oyj;39988;FI4000369947;XHEL
Claranova;CLA;FR0013426004;XPAR
Clasquin Group SA;FR310609;FR0004152882;XPAR
Clinica Baviera;ES340137;ES0119037010;XMAD
Clinigen Group PLC;CLIN;GB00B89J2419;XLON
Cliq Digital AG;CLIQ;DE000A0HHJR3;XETR
Cloetta AB -B-;CLAB;SE0002626861;XSTO
CMB Act. -Delisted-;BE320162;BE0003817344;XBRU
CNIM Group;COM;FR0000053399;XPAR
Cnova NV;FR315001;NL0010949392;XPAR
CNP Assurances;CNP;FR0000120222;XPAR
CO.BR.HA;BE320276;BE0003519270;XBRU
Coats Group PLC;GB400985;GB00B4YZN328;XLON
Coca-Cola European Partners PLC;CCEP;GB00BDCPN049;XAMS
Coface SA;COFA;FR0010667147;XPAR
Cofide SpA;COF;IT0000070786;MTAA
Cofidur SA;ALCOF;FR0013257409;XPAR
Cofina;PT350058;PTCFN0AE0003;XLIS
Cogelec SA;COGEC;FR0013335742;XPAR
Cogra 48;ALCOG;FR0011071570;XPAR
Coheris SA;COH;FR0004031763;XPAR
Cohort PLC;CHRT;GB00B0YD2B94;XLON
Coil;FR310116;BE0160342011;XPAR
Colas SA;RE;FR0000121634;XPAR
Colipays;MLCLP;FR0010959684;XPAR
Coloplast A/S -B-;COLOB;DK0060448595;XCSE
Colruyt;COL;BE0974256852;XBRU
Comdirect Bank AG;COM;DE0005428007;XETR
Commerzbank AG;CBK;DE000CBK1001;XETR
Compagnie des Alpes;CDA;FR0000053324;XPAR
Compagnie du Cambodge;CBDG;FR0000079659;XPAR
Compagnie Du Mont-Blanc;MLCMB;FR0000060428;XPAR
Compagnie Indus et Fin d'Entreprises;INFE;FR0000066219;XPAR
Compagnie Lebon SA;FR311968;FR0000121295;XPAR
Compass Group PLC;CPG;GB00BD6K4575;XLON
CompuGroup Medical SE;DU301643;DE0005437305;XETR
Condor Technologies;MLMFI;BE6252013725;XPAR
Conduril Construtora Duriense SA;CDU;PTCDU0AE0003;XLIS
Connect Group PLC;CNCT;GB00B17WCR61;XLON
Constellium SE;CSTM;FR0013467479;XNYS
ContextVision AB;NO570092;SE0000371239;XOSL
Continental AG;CON;DE0005439004;XETR
ConvaTec Group PLC;CTEC;GB00BD3VFW73;XLON
Corbion;CRBN;NL0010583399;XAMS
Core Laboratories NV;CLB;NL0000200384;XNYS
Coreo AG;DU300756;DE000A0B9VV6;XETR
Corep Lighting SA;MLCOR;FR0010035816;XPAR
Corestate Capital Holding SA;CCAP;LU1296758029;XETR
Corporation Financiera Alba;ES340037;ES0117160111;XMAD
Corticeira Amorim SGPS SA;COR;PTCOR0AE0006;XLIS
Courtois Act. Nom.;FR310603;FR0000065393;XPAR
Covestro AG;1COV;DE0006062144;XETR
CPL Resources PLC;CPL;IE0007214426;XDUB
Cranswick PLC;GB400905;GB0002318888;XLON
CRCAM Brie Picardie CCI;CRBP2;FR0010483768;XPAR
CRCAM Ille Vilaine;FR310296;FR0000045213;XPAR
CRCAM Nord de France;FR310938;FR0000185514;XPAR
CRCAM Normandie Seine;FR310940;FR0000044364;XPAR
CRCAM Paris IDF;FR310297;FR0000045528;XPAR
CRCAM Sud Rhone Alpes;FR310939;FR0000045346;XPAR
Credit Agricole;CR1;FR0000045072;XPAR
Credit Agricole Atlantique Vendee CCI;CRAV;FR0000185506;XPAR
Credit Agricole de la Touraine -  Poitou;CRTO;FR0000045304;XPAR
Credit Agricole du Languedoc;CRLA;FR0010461053;XPAR
Credit Agricole du Morbihan;CMO;FR0000045551;XPAR
Credit Agricole Loire Haute-Loire CCI SA;FR311045;FR0000045239;XPAR
Credit Agricole Toulouse 31;CAT31;FR0000045544;XPAR
Credito Emiliano spa;CE;IT0003121677;MTAA
Credito Valtellinese;CVAL;IT0005319444;MTAA
Crescent;OPTI;BE0003836534;XBRU
Crest Nicholson Holdings PLC;CRST;GB00B8VZXT93;XLON
CRH - ADR;US112476;US12626K2033;XNYS
CRH PLC;CRH;IE0001827041;XDUB
Criteo SA -ADR-;CRTO;US2267181046;XNAS
CropEnergies AG;DU301005;DE000A0LAUP1;XETR
Crossject SA;ALCJ;FR0011716265;XPAR
Crosswood SA;CROS;FR0000050395;XPAR
CS Group SA;SX;FR0007317813;XPAR
Csp International Fashion Gr;CSP;IT0001127874;MTAA
CTA Holding SA -Delisted-;FR312505;FR0000054066;XPAR
CTac;34557;NL0000345577;XAMS
CTS Eventim AG & Co KGaA;DU300649;DE0005470306;XETR
CTT-Correios de Portugal SA;CTT;PTCTT0AM0001;XLIS
Curasan AG;CURK;DE000A2YPGM4;XETR
Curetis AG;CURE;NL0011509294;XAMS
Cyan AG;CYR;DE000A2E4SV8;XETR
Cybergun;ALCYB;FR0013204351;XPAR
D'ieteren SA;BE320325;BE0974259880;XBRU
D4t4 Solutions PLC;D4T4;GB0001351955;XLON
Daimler AG;DAI;DE0007100000;XETR
Dalet -Regroupe-;FR311960;FR0011026749;XPAR
Damaris;FR311052;FR0000077885;XPAR
Damartex;ALDAR;FR0000185423;XPAR
Danaos Corp;DAC;MHY1968P1218;XNYS
Danieli & C.SpA;DAN;IT0000076502;MTAA
Danone;DA1;FR0000120644;XPAR
Dart Group PLC;GB400574;GB00B1722W11;XLON
Dassault Aviation SA;AM;FR0000121725;XPAR
Dassault Systemes;DSY;FR0000130650;XPAR
Data Respons ASA;NO570063;NO0003064107;XOSL
Datagroup AG;DU301928;DE000A0JC8S7;XETR
Datalex PLC;IE380128;IE0000527006;XDUB
Datalogic Post Frazionamento;DAL;IT0004053440;MTAA
Datbim;MLDTB;FR0004177939;XPAR
Davide Campari - Milano SpA;CPR;IT0005252207;MTAA
DBV Technologies SA;DBV;FR0010417345;XPAR
DCC PLC;DCC;IE0002424939;XLON
De La Rue Group PLC;GB400732;GB00B3DGH821;XLON
De Longhi;DLG;IT0003115950;MTAA
Dea Capital SpA;DEA;IT0001431805;MTAA
DEAG Deutsche Entertainment AG;LOUD;DE000A0Z23G6;XETR
Debflex;MLDEX;FR0010776658;XPAR
Deceuninck;DECB;BE0003789063;XBRU
Dedalus France SACA;DEDAL;FR0000052623;XPAR
Deinove;ALDEI;FR0010879056;XPAR
Delfingen Industry;ALDEL;FR0000054132;XPAR
Delhaize Group -Acquired-;320006;BE0003562700;XBRU
Delta Drone;ALDR;FR0011522168;XPAR
Delta Plus Group;DLTA;FR0013283108;XPAR
Delticom AG;DU301033;DE0005146807;XETR
Demant A/S;DEMANT;DK0060738599;XCSE
Deoleo SA;ES340169;ES0110047919;XMAD
Derichebourg Act.;PPS;FR0000053381;XPAR
Derwent London PLC;DLN;GB0002652740;XLON
Deufol SE;DE1;DE000A1R1EE6;XETR
Deutsche Bank AG;DB;DE0005140008;XNYS
Deutsche Beteiligungs AG;DBAN;DE000A1TNUT7;XETR
Deutsche Boerse AG;DB1;DE0005810055;XETR
Deutsche Effect & Wechsel;300629;DE0008041005;XETR
Deutsche Euroshop AG;DU301119;DE0007480204;XETR
Deutsche Lufthansa AG;LHA;DE0008232125;XETR
Deutsche Post AG;DPW;DE0005552004;XETR
Deutsche Rohstoff AG;DU301899;DE000A0XYG76;XETR
Deutsche Telekom AG;DTEL;DE0005557508;TNLB
Deutsche Wohnen SE;DU300982;DE000A0HN5C6;XETR
Deutz AG;DU300626;DE0006305006;XETR
Devernois SA;ALDEV;FR0000060840;XPAR
Devoteam SA;DVT;FR0000073793;XPAR
Devro PLC;GB401168;GB0002670437;XLON
Dexia -Delisted-;DEXB;BE0974290224;XBRU
DGB Group NV;DGB;NL0009169515;XAMS
DIA SA;DIA;ES0126775032;XMAD
Diageo PLC;DGE;GB0002374006;XPAR
Diageo PLC -ADR-;DEO;US25243Q2057;XNYS
Diagnostic Medical Systems;DGM;FR0012202497;XPAR
Dialog Semiconductor PLC;DLG;GB0059822006;XETR
Diana Shipping Inc;US112597;MHY2066G1044;XNYS
DIC Asset AG;DIC;DE000A1X3XX4;XETR
DIETSWELL;FR310814;FR0010377127;XPAR
Digigram;FR310522;FR0000035784;XPAR
Dignity PLC;DTY;GB00BRB37M78;XLON
Dinamia Capital Privado S.C.R SA;ALNT;ES0126501131;XMAD
Diploma PLC;GB401170;GB0001826634;XLON
Direct Line Insurance Group PLC;DLG;GB00BY9D0Y18;XLON
DiscoverIE Group PLC;DSCV;GB0000055888;XLON
Dixons Carphone PLC;DC/;GB00B4Y7R145;XLON
DLSI;ALDLS;FR0010404368;XPAR
DMG Mori AG;DU300918;DE0005878003;XETR
DNO ASA;DNO;NO0003921009;XOSL
DNXcorp;ALDNX;FR0010436584;XPAR
DO & CO AG;AT360093;AT0000818802;XWBO
Docks Pétroles d'Ambès SA;DPAM;FR0000065260;XPAR
Dolphin Drilling ASA;DDASAO;NO0003089005;XSTO
Dom Security -Acquired-;FR312128;FR0000052839;XPAR
Dometic Group AB;DOM;SE0007691613;XSTO
Domino's Pizza Group PLC;DOM;GB00BYN59130;XLON
Don't Nod Entertainment SA;ALDNE;FR0013331212;XPAR
Donegal Investment Group PLC;DQ7A;IE00BD97C178;XDUB
DPA Group;919777;NL0009197771;XAMS
Dr. Hoenle AG;DU300547;DE0005157101;XETR
Draegerwerk AG;DU301609;DE0005550602;XETR
Drax Group PLC;GB400035;GB00B1VNSX38;XLON
Drone Volt SACA;ALDRV;FR0013088606;XPAR
DSM;DSM;NL0000009827;XAMS
Duerr AG;DU301098;DE0005565204;XETR
Duro Felguera SA;MDF;ES0162600003;XMAD
Duroc AB -B-;DURCB;SE0000331266;XSTO
Dustin Group AB;DUST;SE0006625471;XSTO
Dutch Star Companies ONE NV;DSC1;NL0012747059;XAMS
Dynafond SA;MLDYN;FR0000052920;XPAR
E.ON SE;EOAN;DE000ENAG999;XETR
Ease2pay NV;EAS2P;NL0000345627;XAMS
easyJet PLC;EZJ;GB00B7KR2P84;XLON
Easyvista;ALEZV;FR0010246322;XPAR
Eaux de Royan SA;MLEDR;FR0007200100;XPAR
Ebro Foods SA;ES340024;ES0112501012;XMAD
ECA;ECASA;FR0010099515;XPAR
Eckert & Ziegler AG;DU301729;DE0005659700;XETR
Econocom Group;ECONB;BE0974313455;XBRU
Ecoslops;ALESA;FR0011490648;XPAR
Edap TMS SA  -ADR-;US122083;US2683111072;XNAS
Edenred;EDEN;FR0010908533;XPAR
Ediliziacrobatica SpA (FR);ALEAC;IT0005351504;XPAR
Editions du Signe SA;MLEDS;FR0000052755;XPAR
EDP Renovaveis SA;EDPR;ES0127797019;XLIS
Egide SA;GID;FR0000072373;XPAR
Eiffage;FGR;FR0000130452;XPAR
Einhell Germany AG;DU300621;DE0005654933;XETR
Ekinops SAS;EKI;FR0011466069;XPAR
El.En. SpA;ELN;IT0005188336;MTAA
Elecnor SA;ES340116;ES0129743318;XMAD
Electricite de France (EDF);EDF;FR0010242511;XPAR
Electricite de Strasbourg SA;ELEC;FR0000031023;XPAR
Electricite Et Eaux De Madagascar;EEM;FR0000035719;XPAR
Electrocomponents PLC;GB400793;GB0003096442;XLON
Electrolux AB -B-;ELUXB;SE0000103814;XSTO
Elekta AB -B-;EKTAB;SE0000163628;XSTO
Elementis PLC;ELM;GB0002418548;XLON
Elia Group SA/NV;ELI;BE0003822393;XBRU
Elica S.p.A.;ELC;IT0003404214;MTAA
Elior Group;ELIOR;FR0011950732;XPAR
Elis SA;ELIS;FR0012435121;XPAR
Elmos Semiconductor AG;DU300875;DE0005677108;XETR
ElringKlinger AG;DU301865;DE0007856023;XETR
Emak SpA;EM;IT0001237053;MTAA
Emakina Group SA;BE320215;BE0003843605;XBRU
EMD Music SA -delisted-;BE320329;BE0003849669;XBRU
Emova Group;ALEMV;FR0013356755;XPAR
Enagas SA;ENG;ES0130960018;XMAD
EnBW Energie Baden-Wuerttemberg AG;DU301344;DE0005220008;XETR
Ence Energia y Celulosa SA;ENC;ES0130625512;XMAD
Encres Dubuit;ALDUB;FR0004030708;XPAR
Endesa SA;ELE;ES0130670112;XMAD
Endo International Plc;ENDP;IE00BJ3V9050;XNAS
Enea AB;ENEA;SE0009697220;XSTO
Enel SpA;ENEL;IT0003128367;MTAA
Enensys Technologies SA;ALNN6;FR0013330792;XPAR
Energias de Portugal SA;EDP;PTEDP0AM0009;XLIS
Energiekontor AG;DU300889;DE0005313506;XETR
Enertime SA;ALENE;FR0011915339;XPAR
Engie;GA1;FR0010208488;XPAR
ENGIE EPS SACA;EPS;FR0012650166;XPAR
ENI SpA;551;IT0003132476;TNLB
ENI SPA  -ADR-;US113699;US26874R1086;XNYS
Enteq Upstream PLC;NTQ;GB00B41Q8Q68;XLON
Entreparticuliers.com;ALENT;FR0010424697;XPAR
Entreprendre;ALENR;FR0000045122;XPAR
Envea;ALTEV;FR0010278762;XPAR
Envipco Holding NV;ENVI;NL0009901610;XBRU
EnviTec Biogas AG;DU301117;DE000A0MVLS8;XETR
EO2;ALEO2;FR0010465534;XPAR
Eolus Vind AB -B-;EOLUB;SE0007075056;XSTO
EOS Imaging SA;EOSI;FR0011191766;XPAR
eQ PLC;FI370066;FI0009009617;XHEL
Equinor ASA;EQNR;NO0010096985;XOSL
Eramet SA;ERA;FR0000131757;XPAR
Ercros SA;ES340170;ES0125140A14;XMAD
ERG SpA;ERG;IT0001157020;MTAA
Ergomed PLC;ERGO;GB00BN7ZCY67;XLON
Ericsson -B-;ERICB;SE0000108656;XSTO
Erste Group Bank AG;EBS;AT0000652011;XWBO
Erytech Pharma SA;ERYP;FR0011471135;XPAR
ESI Group;ESI;FR0004110310;XPAR
Esker SA;ALESK;FR0000035818;XPAR
Esperite;ESP;NL0009272137;XAMS
Esprinet SpA;PRT;IT0003850929;MTAA
Essentra PLC;ESNT;GB00B0744359;XLON
EssilorLuxottica;EF1;FR0000121667;XPAR
Essity Aktiebolag -B-;21978;SE0009922164;XSTO
Esso SA;ES;FR0000120669;XPAR
Estoril Sol SGPS SA -Reg-;ESON;PTESO0AM0000;XLIS
Etteplan Oyj;ETTE;FI0009008650;XHEL
EURAZEO SE;RF;FR0000121121;XPAR
Euro Ressources;FR310180;FR0000054678;XPAR
Eurobio-Scientific;ALERS;FR0013240934;XPAR
Eurofins Cerep SA;ALECR;FR0013256518;XPAR
Eurofins Scientific;ERF;FR0000038259;XPAR
Eurogerm;ALGEM;FR0010452474;XPAR
Euroland Corporate;MLERO;FR0010157115;XPAR
Euromedis Groupe;EMG;FR0000075343;XPAR
Euronav;EURN;BE0003816338;XBRU
Euronext NV;ENX;NL0006294274;XPAR
EuropaCorp;ECP;FR0010490920;XPAR
Europcar Mobility Group;EUCAR;FR0012789949;XPAR
Europlasma;ALEUP;FR0000044810;XPAR
Europris ASA;EPR;NO0010735343;XOSL
Europublidis;BE320328;BE0003842599;XBRU
Eutelsat Communications;ETL;FR0010221234;XPAR
Evadix SA;BE320212;BE0003840577;XBRU
EVN AG;AT360020;AT0000741053;XWBO
Evolis;ALTVO;FR0004166197;XPAR
Evolution Gaming Group AB;EVO;SE0012673267;XSTO
Evonik Industries AG;EVK;DE000EVNK013;XETR
Evotec OAI AG;DU300088;DE0005664809;XETR
EVS Broadcast Equipment;EVS;BE0003820371;XBRU
Exacompta Clairefontaine SA;EXAC;FR0000064164;XPAR
Exel Industries SA -A-;EXE;FR0004527638;XPAR
Exmar NV;EXM;BE0003808251;XBRU
Exor NV;EXO;NL0012059018;MTAA
Experian PLC;EXPN;GB00B19NLV48;XLON
Exprivia SpA;XPR;IT0001477402;MTAA
F. Ramada Investimentos SGPS;PT350075;PTFRV0AE0004;XLIS
Fabasoft AG;FAA;AT0000785407;XETR
FACC AG;FACC;AT00000FACC2;XWBO
Faes Farma;ES340086;ES0134950F36;XMAD
Fagron;FAGR;BE0003874915;XBRU
Falck Renewables SpA;FKR;IT0003198790;MTAA
Fashion B Air SA;ALFBA;FR0004034593;XPAR
Fastjet PLC;FJET;GB00BWGCH354;XLON
Faurecia;EO;FR0000121147;XPAR
Fauvet-Girel;FAUV;FR0000063034;XPAR
Fayence de Sarreguemines Digoin et Vitry;FAYE;FR0000031973;XPAR
FBD Holdings PLC;FBD;IE0003290289;XDUB
Fermentalg SA;FALG;FR0011271600;XPAR
Ferrari NV;RACE;NL0011585146;XNYS
Ferrovial SA;FER;ES0118900010;XMAD
Fevertree Drinks PLC;FEVR;GB00BRJ9BJ26;XLON
FFP;FFP;FR0000064784;XPAR
Fiat Chrysler Automobiles NV;FCA;NL0010877643;MTAA
Fidia SpA;FDA;IT0001498481;MTAA
Fiducial Office Solutions;SACI;FR0000061418;XPAR
Fiducial real estate;ORIA;FR0000060535;XPAR
FIEBM SA;FR310816;FR0000062341;XPAR
Fielmann AG;FIE;DE0005772206;XETR
Fiera Milano SpA;FM;IT0003365613;MTAA
Figeac-Aero;FGA;FR0011665280;XPAR
Fila SPA;FILA;IT0004967292;MTAA
FILAE;ALFIL;FR0010221069;XPAR
Financiere De L'Odet;FR310441;FR0000062234;XPAR
Financiere de Tubize;TUB;BE0003823409;XBRU
Financiere Marjos;FR311117;FR0000060824;XPAR
Financiere Moncey SA;FR310642;FR0000076986;XPAR
Finatis SA;FR310106;FR0000035123;XPAR
Finaxo Environnement;FR310804;FR0010487272;XPAR
Fincantieri SpA;FCT;IT0001415246;MTAA
FinecoBank;FBK;IT0000072170;MTAA
FinLab AG;DU301367;DE0001218063;XETR
FIPP;FR312048;FR0000038184;XPAR
First Sensor AG;DU300327;DE0007201907;XETR
Flatex AG;FTK;DE000FTG1111;XETR
Fleury Michon S.A.;FR310465;FR0000074759;XPAR
Flexos SA;BE320259;BE0003885051;XBRU
Flo Groupe;FLO;FR0004076891;XPAR
Floridienne Act;BE320167;BE0003215143;XBRU
Flow Traders;FLOW;NL0011279492;XAMS
Flowtech Fluitpower PLC;FLO;GB00BM4NR742;XLON
Flughafen Wien AG;FLU;AT00000VIE62;XWBO
Fluidra SA;FDR;ES0137650018;XMAD
Flutter Entertainment PLC;FLTR;IE00BWT6H894;XDUB
Fluxys Belgium -D-;BE320398;BE0974265945;XBRU
Fnac Darty SA;FNAC;FR0011476928;XPAR
Focus Home Interactive;ALFOC;FR0012419307;XPAR
Fomento de Construcciones SA;FCC;ES0122060314;XMAD
Fonciere 7 Invest;LEBL;FR0000065930;XPAR
Fonciere Euris SA;EURS;FR0000038499;XPAR
Fonciere Volta SA;SPEL;FR0000053944;XPAR
Foraco International SA;CA140438;FR0010492199;XTSE
ForFarmers NV;FFARM;NL0011832811;XAMS
Foris AG.;DU300900;DE0005775803;XETR
Fortec Elektronik AG;DU302278;DE0005774103;XETR
Fountain SA;BE320094;BE0003752665;XBRU
Fountaine Pajot - Trawler Catamaran;ALFPC;FR0010485268;XPAR
Francaise Energie;LFDE;FR0013030152;XPAR
France Tourisme Immobilier;MLFTI;FR0010823724;XPAR
Francotyp-Postalia Holding AG;DU301468;DE000FPH9000;XETR
Fraport AG;DU300322;DE0005773303;XETR
Freelance.com;ALFRE;FR0004187367;XPAR
Freenet AG;DU301062;DE000A0Z2ZZ5;XETR
French Connection Group PLC;FCCN;GB0033764746;XLON
Fresenius Medical Care AG & Co;FME;DE0005785802;XETR
Fresenius Medical Care AG & Co -ADR-;FMS;US3580291066;XNYS
Fresenius SE & Co KGaA;FRE;DE0005785604;XETR
Friwo AG;CEA;DE0006201106;XETR
Fuchs Petrolub SE;DU302210;DE0005790406;XETR
Fugro;FUR;NL0000352565;XAMS
Fullsix;FUL;IT0001487047;MTAA
Futebol Clube Do Porto;PT350045;PTFCP0AM0008;XLIS
Futura Medical PLC;GB400553;GB0033278473;XLON
G4S PLC;GB400305;GB00B01FLG62;XLON
Galapagos;GLPG;BE0003818359;XAMS
Galimmo SA;GALIM;FR0000030611;XPAR
GALP Energia,SA -B;GALP;PTGAL0AM0009;XLIS
Gascogne;ALBI;FR0000124414;XPAR
Gaumont SA;GAM;FR0000034894;XPAR
Gaussin;ALGAU;FR0010342329;XPAR
Gaztransport Et Technigaz SA;GC1;FR0011726835;XPAR
GBL;GBL;BE0003797140;XBRU
GEA Group AG;DU300652;DE0006602006;XETR
GEA SA;FR311251;FR0000053035;XPAR
Geci International;FR310570;FR0000079634;XPAR
GEDI Gruppo Editoriale SpA;GEDI;IT0001398541;MTAA
Gefran SpA;GE;IT0003203947;MTAA
Gemalto -acquired-;GTO;NL0000400653;XAMS
Genel Energy PLC;GENL;JE00B55Q3P39;XLON
General de Alquiler de Maquinaria SA;GALQ;ES0141571192;XMAD
Generali SpA;G;IT0000062072;MTAA
Generix Group SADIR;GENX;FR0010501692;XPAR
Genfit;GNFT;FR0004163111;XPAR
Genkyotex SA;GKTX;FR0013399474;XPAR
Genomic Vision;GV;FR0011799907;XPAR
Genoway;ALGEN;FR0004053510;XPAR
GenSight Biologics SA;SIGHT;FR0013183985;XPAR
Geox SpA;GEO;IT0003697080;MTAA
Gerard Perrier Industrie SA;PERR;FR0000061459;XPAR
Geratherm Medical AG;DU300611;DE0005495626;XETR
German Startups Group GmbH & Co;GSJ;DE000A1MMEV4;XETR
Germi SA;ALUVI;FR0011898584;XPAR
Gerresheimer AG;DU302135;DE000A0LD6E6;XETR
Gesco AG;GSC1;DE000A1K0201;XETR
Gestamp Automocion SA;GEST;ES0105223004;XMAD
GetBusy Plc;GETB;GB00BG0TSD71;XLON
Getlink SE;GET;FR0010533075;XPAR
Gevelot;ALGEV;FR0000033888;XPAR
GFT Technologies AG;DU300095;DE0005800601;XETR
Gigaset AG;DU300952;DE0005156004;XETR
Gimv;GIMB;BE0003699130;XBRU
Giorgio Fedon & Figli SPA;FED;IT0001210050;XAIM
GK Software AG;DU302248;DE0007571424;XETR
GL Events SA;GLO;FR0000066672;XPAR
Glanbia PLC;GLB;IE0000669501;XDUB
GlaxoSmithKline PLC;GSK;GB0009252882;XLON
Glinnt-Global Intelligent Technologies;PT350071;PTPAD0AM0007;XLIS
Global Bioenergies SA;ALGBE;FR0011052257;XPAR
Global EcoPower NR;ALGEP;FR0011289198;XPAR
Global Graphics;GLOG;GB00BYN5BY03;XBRU
Globant SA;GLOB;LU0974299876;XNYS
GN Sore Nord A/S;GN;DK0010272632;XCSE
Gold by Gold;FR312096;FR0011208693;XPAR
Goldplat PLC;GB401055;GB00B0HCWM45;XLON
GPE Groupe Pizzorno;GPE;FR0010214064;XPAR
Grafton Group PLC;GFTU;IE00B00MZ448;XLON
Graines Voltz SA;GRVO;FR0000065971;XPAR
Grammer AG;DU300892;DE0005895403;XETR
Grand City Properties SA;GYC;LU0775917882;XETR
Grande Armee Investissement;MLGAI;FR0000053415;XPAR
Grands Moulins de Strasbourg;GDMS;FR0000064180;XPAR
Grandvision NV;GVNV;NL0010937066;XAMS
Granges AB;GRNGS;SE0006288015;XSTO
Green Energy 4 Seasons;MLGES;BE0948833760;XPAR
Greencoat Renewables PLC (EUR);GRP;IE00BF2NR112;XLON
Greencore Group PLC;GNC;IE0003864109;XLON
Greenyard NV;GREEN;BE0003765790;XBRU
Greggs PLC;GB400811;GB00B63QSB39;XLON
Grenergy Renovables SA;GRE;ES0105079000;XMAD
Grieg Seafood ASA;NO570039;NO0010365521;XOSL
Grifols SA;GRF;ES0171996087;XMAD
Groupe Actiplay;ALACT;FR0011038348;XPAR
Groupe Crit;CEN;FR0000036675;XPAR
Groupe DBT;ALDBT;FR0013066750;XPAR
Groupe Gorge;GOE;FR0000062671;XPAR
Groupe Guillin;ALGIL;FR0012819381;XPAR
Groupe IRD;IRD;FR0000124232;XPAR
Groupe JAJ;FR310722;FR0004010338;XPAR
Groupe LDLC;ALLDL;FR0000075442;XPAR
Groupe Open;OPN;FR0004050300;XPAR
Groupe Parot;ALPAR;FR0013204070;XPAR
Groupe Partouche SA -Regroupe-;PARP;FR0012612646;XPAR
Groupe Plus-Value;FR310949;FR0010529719;XPAR
Groupe SFPI;SFPI;FR0004155000;XPAR
Groupe Tera SA;TERA;FR0013429404;XPAR
Groupimo;ALIMO;FR0013297488;XPAR
Grupo Catalana Occidente SA;GCO;ES0116920333;XMAD
Grupo Media Capital SGPS, SA;PT350051;PTGMC0AM0003;XLIS
Guerbet;GBT;FR0000032526;XPAR
Guillemot Corporation;GUI;FR0000066722;XPAR
Gulf Keystone Petroleum Ltd;GKP;BMG4209G2077;XLON
Guy Degrenne SA;GUYD;FR0004035061;XPAR
GW Pharmaceuticals plc -ADR-;GWPH;US36197T1034;XNAS
Haemato AG;HAE;DE0006190705;XETR
Halma PLC;GB400813;GB0004052071;XLON
Hamburger Hafen und Logistik AG;DU301135;DE000A0S8488;XETR
Hannover Rueck SE -reg-;DU300374;DE0008402215;XETR
Hanza Holding AB;HANZA;SE0005878543;XSTO
Hargreaves Services PLC;GB401161;GB00B0MTC970;XLON
Harvest;ALHVS;FR0010207795;XPAR
Haulotte Group;PIG;FR0000066755;XPAR
Havsfrun Investment AB -B-;HAVB;SE0000312043;XSTO
Hawesko Holding AG;HAW;DE0006042708;XETR
Headlam Group PLC;HEAD;GB0004170089;XLON
HeidelbergCement AG;HEI;DE0006047004;XETR
Heidelberger Druckmaschinen;DU300463;DE0007314007;XETR
Heijmans;HEYM;NL0009269109;XAMS
Heineken;HEI;NL0000009165;XAMS
Heineken Holding;HEH;NL0000008977;XAMS
Helgeland Sparebank;NO570084;NO0010029804;XOSL
Heliad Equity Partners Gmbh;DU301223;DE000A0L1NN5;XETR
HelloFresh;HFG;DE000A161408;XETR
Henkel AG & Co. KGaA;DU301094;DE0006048408;XETR
Hennes & Mauritz AB -B-;HMB;SE0000106270;XSTO
Hera SpA;HER;IT0001250932;MTAA
Herige;ALHRG;FR0000066540;XPAR
Hermes International;RMS;FR0000052292;XPAR
Hexagon AB -B-;HEXAB;SE0000103699;XSTO
Hexagon Composites ASA;NO570075;NO0003067902;XOSL
HEXAOM;HEXA;FR0004159473;XPAR
HF Company;HF;FR0000038531;XPAR
High Co.;HCO;FR0000054231;XPAR
Hiolle Industries SA;ALHIO;FR0000077562;XPAR
HiPay Group SA;HIPAY;FR0012821916;XPAR
HITECHPROS;ALHIT;FR0010396309;XPAR
Hochschild Mining PLC;GB400914;GB00B1FW5029;XLON
Hochtief AG;DU300263;DE0006070006;XETR
Hoffmann Green Cement Technologies;ALHGR;FR0013451044;XPAR
Holand og Setskog Sparebank;HSPG;NO0010012636;XOSL
Holders Technology PLC;HDT;GB0004312350;XLON
Holland Colours;44031;NL0000440311;XAMS
Hopening;MLHPE;FR0010312181;XPAR
Hopscotch Groupe;HOP;FR0000065278;XPAR
Horizontal Software SA;ALHSW;FR0013219367;XPAR
Hornbach Baumarkt AG;DU300474;DE0006084403;XETR
Hornbach Holding AG & Co KGaA;HBH;DE0006083405;XETR
Hotelim;MLHOT;FR0000053738;XPAR
Howden Joinery Group PLC;GB400949;GB0005576813;XLON
HSBC Holdings  -ADR-;HSBC;US4042804066;XNYS
HSBC Holdings PLC;HSBA;GB0005405286;XLON
Hugo Boss AG;DU302391;DE000A1PHFF7;XETR
Huhtamaki Oyj;HUH1V;FI0009000459;XHEL
Humana AB;HUM;SE0008040653;XSTO
Hunter Douglas;HDG;ANN4327C1220;XAMS
Huntsworth PLC;HNT;GB00B0CRWK29;XLON
Hybrigenics SA;ALHYG;FR0004153930;XPAR
Hydratec Industries NV;939124;NL0009391242;XAMS
Hydraulique P.B. SA;MLHYD;FR0000064735;XPAR
Hydro-Exploitations SA;MLHYE;FR0005843125;XPAR
Hydrotec AG;DU301076;DE0006130305;XETR
Hypoport AG;DU302153;DE0005493365;XETR
Hyve Group PLC;GB401167;GB0002520509;XLON
I Grandi Viaggi SpA;IGV;IT0005108219;MTAA
I. Ceram SA;ALICR;FR0011511971;XPAR
i2S SA;FR311054;FR0005854700;XPAR
Iberdrola SA;IBE;ES0144580Y14;XMAD
IBERSOL SGPS SA;PT350055;PTIBS0AM0008;XLIS
Ice Concept -Delisted-;BE320377;BE0003860773;XBRU
ICON PLC;ICLR;IE0005711209;XNAS
ICT Group;ICT;NL0000359537;XAMS
ID Logistics SAS;IDL;FR0010929125;XPAR
IDI;FR311046;FR0000051393;XPAR
IDS SA;MLIDS;FR0000079691;XPAR
Idsud;ALIDS;FR0000062184;XPAR
IEP Invest;IEP;BE0003748622;XBRU
IGE + XAO SA;IGE;FR0000030827;XPAR
Iliad SA;ILD;FR0004035913;XPAR
IMA (Industria Macchine Automatic);IMA;IT0001049623;MTAA
Imalliance;MLIML;FR0010086371;XPAR
IMCD;IMCD;NL0010801007;XAMS
Imerys;NK;FR0000120859;XPAR
IMImobile PLC;IMO;GB00BLBP4Y22;XLON
Immersion;ALIMR;FR0013060100;XPAR
Immobel;BE320108;BE0003599108;XBRU
Immopool -Delisted-;BE320292;BE0003866838;XBRU
Immsi SpA;IMS;IT0001413837;MTAA
Immupharma PLC;IMM;GB0033711010;XLON
Imobiliaria Construtora Grao-Para SA;PT350076;PTGPA0AP0007;XLIS
Imperial Brands PLC;IMB;GB0004544929;XLON
Implanet SA;ALIMP;FR0013470168;XPAR
Impresa sgps;PT350062;PTIPR0AM0000;XLIS
Imprimerie Chirat SA;MLIMP;FR0000065773;XPAR
Inchcape PLC;GB400525;GB00B61TVQ02;XLON
Inditex SA;ITX;ES0148396007;XMAD
Indivior PLC;INDV;GB00BRS65X63;XLON
Indoor & Outdoor Communication Holding;MLIOC;BE6200101556;XPAR
Indra Sistemas SA;IDR;ES0118594417;XMAD
INDUS Holding AG;DU300381;DE0006200108;XETR
Infineon Technologies AG;IFX;DE0006231004;XETR
Infotel SA;INF;FR0000071797;XPAR
ING Groep;INGA;NL0011821202;XAMS
Ingenico Group;ING;FR0000125346;XPAR
Innate Pharma SA;IPH;FR0010331421;XPAR
Innelec Multimedia SA;INN;FR0000064297;XPAR
Innogy SE;IGY;DE000A2AADD2;XETR
Installux SA;FR311194;FR0000060451;XPAR
Instone Real Estate Group AG;INS;DE000A2NBX80;XETR
IntegraGen;ALINT;FR0010908723;XPAR
International Consolidated Airlines SA;ES340178;ES0177542018;XMAD
Interparfums;ITP;FR0004024222;XPAR
Interpump Group SpA;IP;IT0001078911;MTAA
Intershop Communications AG;DU300390;DE000A0EPUH1;XETR
Intertek Group PLC;ITRK;GB0031638363;XLON
Intertrust NV;INTER;NL0010937058;XAMS
InterXion Holding NV;US114261;NL0009693779;XNYS
Intesa Sanpaolo;ISP;IT0000072618;MTAA
Intexa;ITXT;FR0000064958;XPAR
Intrasense SAS;ALINS;FR0011179886;XPAR
Intrum AB;INTRUM;SE0000936478;XSTO
Intu Properties PLC;INTU;GB0006834344;XLON
Inventiva SA;IVA;FR0013233012;XPAR
Investimentos Participacoes e Gestao SA;PT350077;PTINA0AP0008;XLIS
Investor AB -A-;INVEA;SE0000107401;XSTO
Invibes Advertising NV;ALINV;BE0974299316;XPAR
Iomart Group PLC;IOM;GB0004281639;XLON
Ion Beam Applications;IBAB;BE0003766806;XBRU
IP Group PLC;IPO;GB00B128J450;XLON
Ipsen;IPN;FR0010259150;XPAR
Ipsos;IPS;FR0000073298;XPAR
IQE PLC;IQE;GB0009619924;XLON
Irce SpA;IRC;IT0001077780;MTAA
Iren SpA;IRE;IT0003027817;MTAA
IT Link.;ITL;FR0000072597;XPAR
Italgas SpA;IG;IT0005211237;MTAA
Italian Wine Brands SpA;IWB;IT0005075764;XAIM
Italmobiliare SpA;ITM;IT0005253205;MTAA
Itesoft;ITE;FR0004026151;XPAR
ITN Nanovation AG;DU300968;DE000A0JL461;XETR
ITV PLC;ITV;GB0033986497;XLON
Ivalis;ALIVA;FR0010082305;XPAR
IVU Traffic Technologies AG;DU301349;DE0007448508;XETR
Jacques Bogart SA;JBOGT;FR0012872141;XPAR
Jacquet Metal Service;JCQ;FR0000033904;XPAR
JC Decaux;DEC;FR0000077919;XPAR
JD Sports Fashion PLC;JD/;GB00BYX91H57;XLON
Jenoptik;JEN;DE000A2NB601;XETR
Jensen-Group NV;BE320100;BE0003858751;XBRU
Jeronimo Martins & Filio;JMT;PTJMT0AE0001;XLIS
JKX Oil & Gas PLC;GB400584;GB0004697420;XLON
JM AB;JM;SE0000806994;XSTO
JOST Werke AG;JST;DE000JST4000;XETR
JSA Technology;MLJSA;FR0010680033;XPAR
Jubilee Metals Group PLC;GB400526;GB0031852162;XLON
Jungheinrich - PRFD;JUN3;DE0006219934;XETR
Just Eat Takeaway.com;TKWY;NL0012015705;XAMS
Just Group PLC;JUST;GB00BCRX1J15;XLON
Just-Eat Holding PLC;JE/;GB00BKX5CN86;XLON
Juventus Football Club SpA;JUVE;IT0000336518;MTAA
K+S AG;DU302222;DE000KSAG888;XETR
Kalray SA;ALKAL;FR0010722819;XPAR
Kapsch Trafficcom AG;AT360080;AT000KAPSCH9;XWBO
Kardan;11365;NL0000113652;XAMS
Karelian Diamond Resources PLC;KDR;IE00BD09HK61;XLON
Kaufman & Broad;KOF;FR0004007813;XPAR
KAZ Minerals PLC;GB400053;GB00B0HZPV38;XLON
KBC Ancora CVA;KBCA;BE0003867844;XBRU
KBC Group;KBC;BE0003565737;XBRU
Kendrion;KENDR;NL0000852531;XAMS
Kenmare Resources PLC;KMR;IE00BDC5DG00;XLON
Kering;PP1;FR0000121485;XPAR
Kerlink SACA;ALKLK;FR0013156007;XPAR
Kerry Group;KYG;IE0004906560;XDUB
Kesla Oyj -A-;FI370122;FI0009900237;XHEL
Keyrus;KEY;FR0004029411;XPAR
Keyware Technologies;BE320251;BE0003880979;XBRU
KHD Humboldt Wedag Int'l AG -OTCPK-;US129407;DE0006578008;OTCB
Kiadis Pharma NV;KDS;NL0011323407;XAMS
Kid ASA;KID;NO0010743545;XOSL
Kier Group PLC;KIE;GB0004915632;XLON
Kindred Group PLC -SDR-;KINDSDB;SE0007871645;XSTO
Kinepolis Group SA;KIN;BE0974274061;XBRU
Kingfisher PLC;KGF;GB0033195214;XLON
Kingspan Group PLC;KSP;IE0004927939;XDUB
KION Group AG;KGX;DE000KGX8881;XETR
Kitron ASA;NO570130;NO0003079709;XOSL
KKO International SA;ALKKO;FR0013374667;XPAR
Klimvest PLC;ALSIM;GB00B19RTX44;XPAR
Kloeckner & Co. SE;DU301012;DE000KC01000;XETR
Knorr-Bremse Aktiengesellschaft;KBX;DE000KBX1006;XETR
Know IT AB;KNOW;SE0000421273;XSTO
Koenig and Bauer AG;DU300996;DE0007193500;XETR
KONE Oyj -B-;KNEBV;FI0009013403;XHEL
Korian;KORI FR;FR0010386334;XPAR
KPN;KPN;NL0000009082;XAMS
KPS AG;KSC;DE000A1A6V48;XETR
Krones AG;DU301122;DE0006335003;XETR
KSB AG;DU301088;DE0006292006;XETR
KUKA Akt.;DU300430;DE0006204407;XETR
Kumulus Vape;MLVAP;FR0013419876;XPAR
KWS Saat SE;DU301310;DE0007074007;XETR
L.D.C. SA;LOUP;FR0013204336;XPAR
L'Oreal;OR1;FR0000120321;XPAR
La Doria SpA;LD;IT0001055521;MTAA
La Fonciere Verte;LFVE;FR0000039638;XPAR
La Francaise des Jeux;FDJ;FR0013451333;XPAR
La Savonnerie de Nyons SACA;MLSDN;FR0013155975;XPAR
Lacroix SA;FR310854;FR0000066607;XPAR
Lafuma SA;FR310454;FR0000035263;XPAR
Lagardere Groupe;MMB;FR0000130213;XPAR
Lammhults Design Group AB;LAMMB;SE0000386138;XSTO
Landi Renzo SPA;LR;IT0004210289;MTAA
Lanson-BCC;ALLAN;FR0004027068;XPAR
Lanxess;DU300597;DE0005470405;XETR
Lassila & Tikanoja Oyj;FI370046;FI0009010854;XHEL
Latecoere;LAT;FR0000032278;XPAR
Laura Ashley Holdings PLC;ALY;GB0000533728;XLON
Laurent Perrier;FR310256;FR0006864484;XPAR
Le Bélier SA;BELI;FR0000072399;XPAR
Le Tanneur & Cie;ALTAN;FR0000075673;XPAR
Lectra;LSS;FR0000065484;XPAR
Leeds Group PLC;LDSG;GB0005100606;XLON
LEG Immobilien AG;LEG;DE000LEG1110;XETR
Legal and General Group PLC;LGEN;GB0005603997;XLON
Legrand Holding SA;LR;FR0010307819;XPAR
Lehto Group OYJ;LEHTO;FI4000081138;XHEL
Leifheit AG;DU301035;DE0006464506;XETR
Lenzing AG;LNZ;AT0000644505;XWBO
Leonardo SpA;LDO;IT0003856405;MTAA
Leoni AG;DU300656;DE0005408884;XETR
LeoVegas AB;LEO;SE0008091904;XSTO
Leroy Seafood Group ASA;LSG;NO0003096208;XOSL
Les Hotels Baverez;ALLHB;FR0007080254;XPAR
Les Hotels de Paris;FR310935;FR0004165801;XPAR
Les Trois Chenes;FR310644;FR0000076481;XPAR
Les Verandas 4 Saisons;MLV4S;BE6201089735;XPAR
Lexibook Linguistic Electronic Systems S;ALLEX;FR0000033599;XPAR
Liberty Global PLC -A-;LBTYA;GB00B8W67662;XNAS
Liberty Global PLC -C-;LBTYK;GB00B8W67B19;XNAS
Lifco AB -B-;LIFCOB;SE0006370730;XSTO
Lindab International AB;LIAB;SE0001852419;XSTO
Linedata Services;FR310378;FR0004156297;XPAR
Lisgrafica-Impressao e Artes Graficas SA;PT350078;PTLIG0AE0002;XLIS
LISI;FII;FR0000050353;XPAR
LivaNova PLC;LIVN;GB00BYMT0J19;XNAS
Lloyds Banking Group PLC;LLOY;GB0008706128;XLON
Lloyds Banking Group Plc -ADR-;LYG;US5394391099;XNYS
LNA Sante;LNA FP;FR0004170017;XPAR
Logic Instrument;ALLOG;FR0000044943;XPAR
Logwin AG;TGHN;LU1618151879;XETR
Lombard et Medot;FR310850;FR0006205019;XPAR
Lombard Medical Inc -OTCQX-;EVARF;KYG555981094;OTCB
London Stock Exchange Group PLC;LSE;GB00B0SWJX34;XLON
Lookers PLC;LOOK;GB00B17MMZ46;XLON
Loomis AB -B-;LOOMB;SE0002683557;XSTO
Lotus Bakeries SA;BE320109;BE0003604155;XBRU
LPKF Laser & Electronics AG;DU300156;DE0006450000;XETR
Lucas Bols NV;BOLS;NL0010998878;XAMS
Lucibel SA;ALUCI;FR0011884378;XPAR
Lumibird;LBIRD;FR0000038242;XPAR
Lundin Petroleum AB;LUPE;SE0000825820;XSTO
LVMH Moet Vuitton SE;MC;FR0000121014;XPAR
Lysogene;LYS;FR0013233475;XPAR
M G I DIGITAL GRAPHIC TECHNOLOGY;ALMDG;FR0010353888;XPAR
M.A.X. Automation AG;MXHN;DE000A2DA588;XETR
M2i;ALMII;FR0013270626;XPAR
M6 Metropole Television;MMT;FR0000053225;XPAR
Made;MLMAD;FR0010328302;XPAR
Madvertise;ALMNG;FR0010812230;XPAR
MagForce AG;DU301927;DE000A0HGQF5;XETR
Magillem Design Services;MLMGL;FR0010827741;XPAR
Mainstay Medical International Plc;MSTY;IE00BJYS1G50;XPAR
Maisons d'Aujourd'hui;MLMAI;FR0010515742;XPAR
Maisons du Monde SA;MDM;FR0013153541;XPAR
Makheia Group;ALMAK;FR0000072993;XPAR
Malteries Franco-Belges SA;MALT;FR0000030074;XPAR
MAN SE;MAN;DE0005937007;XETR
Manchester United Ltd -A-;MANU;KYG5784H1065;XNYS
Manitou BF;MTU;FR0000038606;XPAR
Manutan International SA;MAN;FR0000032302;XPAR
Manz AG;DU301426;DE000A0JQ5U3;XETR
Mapfre SA;MAP;ES0124244E34;XMAD
Mare Nostrum SA;ALMAR;FR0013400835;XPAR
Marie Brizard Wine & Spirits;MBWS;FR0000060873;XPAR
Marimekko;FI370043;FI0009007660;XHEL
Marks and Spencer Group PLC;MKS;GB0031274896;XLON
Marlowe PLC;MRL;GB00BD8SLV43;XLON
Marr S.p.A.;MARR;IT0003428445;MTAA
Marseillaise du Tunnel Prado Carenage;SMTPC;FR0004016699;XPAR
Martifer SGPS SA;PT350073;PTMFR0AM0003;XLIS
Massimo Zanetti Beverage Group SpA;MZB;IT0005042467;MTAA
MasterFlex SE;DU300871;DE0005492938;XETR
Mastrad;ALMAS;FR0004155687;XPAR
Matas A/S;MATAS;DK0060497295;XCSE
Materialise NV -ADR-;MTLS;US57667T1007;XNAS
Matica Technologies AG;DU301535;DE000A0JELZ5;XETR
Mauna Kea Technologies;MKEA;FR0010609263;XPAR
Maurel et Prom;MAU;FR0000051070;XPAR
Mayr-Melnhof Karton;AT360071;AT0000938204;XWBO
MBB Industries SE;DU301077;DE000A0ETBQ4;XETR
McBride PLC;GB400839;GB0005746358;XLON
McPhy Energy SA;MCPHY;FR0011742329;XPAR
MDxHealth;BE320217;BE0003844611;XBRU
Mecelec Composites SA;ALMEC;FR0000061244;XPAR
Media 6;EDI;FR0000064404;XPAR
Median Technologies;ALMDT;FR0011049824;XPAR
Mediaset Espana Comunicacion SA;TL5;ES0152503035;XMAD
Mediaset SpA;MS;IT0001063210;MTAA
Mediawan SA;MDW;FR0013247137;XPAR
Medicrea International;ALMED;FR0004178572;XPAR
Medigene;MDG1;DE000A1X3W00;XETR
Medincell SA;MEDCL;FR0004065605;XPAR
Mediobanca SpA;MB;IT0000062957;MTAA
Medion;MDN;DE0006605009;XETR
Meggitt PLC;GB401138;GB0005758098;XLON
Melexis;MEL;BE0165385973;XBRU
Melia Hotels International SA;ES340027;ES0176252718;XMAD
Memscap Act. Regroupees;MEMS;FR0010298620;XPAR
Merck KGaA;MRK;DE0006599905;XETR
Mersen (exCARBONL);MRN;FR0000039620;XPAR
Metabolic Explorer;METEX;FR0004177046;XPAR
Metalliance;MLETA;FR0010492181;XPAR
Methanor SCA;ALMET;FR0011217710;XPAR
Methorios Captial SpA;ALMTH;IT0004615396;XPAR
METRO AG;B4B;DE000BFB0019;XETR
Mevis Medical Solutions AG;M3V;DE000A0LBFE4;XETR
MG International;ALMGI;FR0010204453;XPAR
Michelin -B-;ML;FR0000121261;XPAR
Micro Focus International PLC;MCRO;GB00BJ1F4N75;XLON
Micropole;MUN;FR0000077570;XPAR
Microwave Vision;ALMIC;FR0004058949;XPAR
Miko;BE320052;BE0003731453;XBRU
Miliboo SA;ALMLB;FR0013053535;XPAR
Millet Innovation;ALINN;FR0010304402;XPAR
Mint;ALBUD;FR0004172450;XPAR
MIPS AB;MIPS;SE0009216278;XSTO
Mitchells & Butlers PLC;GB400236;GB00B1FP6H53;XLON
Mithra Pharmaceuticals SA;MITRA;BE0974283153;XBRU
MLP SE;DU300334;DE0006569908;XETR
MND;ALMND;FR0011584549;XPAR
Mobotix AG;DU302261;DE0005218309;XETR
Modern Times Group -B-;SE560013;SE0000412371;XSTO
Moncler SpA;MONC;IT0004965148;MTAA
Mondo Tv SpA;MTV;IT0001447785;MTAA
Moneysupermarket.com Group PLC;GB400312;GB00B1ZBKY84;XLON
Monfinacier;MLMON;FR0010882886;XPAR
Morgan Advanced Materials PLC;MGAM;GB0006027295;XLON
Morgan Sindall Group PLC;MGNS;GB0008085614;XLON
Morphosys AG;MOR;DE0006632003;XETR
Morrison (William) Supermarkets PLC;MRW;GB0006043169;XLON
Mota-Engil SGPS SA;EGL;PTMEN0AE0005;XLIS
Motif Bio PLC;MTFB;GB00BVVT4H71;XLON
Motorpoint Group PLC;MOTR;GB00BD0SFR60;XLON
Moulinvest SA;ALMOU;FR0011033083;XPAR
Moury Construct;BE320098;BE0003602134;XBRU
Mowi ASA;MOWI;NO0003054108;XOSL
Mpac Group PLC;MPAC;GB0005991111;XLON
MPC Muenchmeyer Petersen Capital AG;MPCK;DE000A1TNWJ4;XETR
MPH Health Care AG;93M;DE000A0L1H32;XETR
MR Bricolage;FR310283;FR0004034320;XPAR
MS Industrie AG;MSAG;DE0005855183;XETR
MS International PLC;MSI;GB0005957005;XLON
MTD Finance;MLMTD;FR0010518936;XPAR
MTU Aero Engines AG;DU300913;DE000A0D9PT0;XETR
Muehlhan AG;DU301065;DE000A0KD0F7;XETR
Muenchener Rueckver AG;MUV2;DE0008430026;XETR
Mulann;MLMNT;FR0012990968;XPAR
Musee Grevin SA;GREV;FR0000037970;XPAR
Mutares SE & Co KGaA;MUX;DE000A2NB650;XETR
mVISE AG;DU300755;DE0006204589;XETR
MVV Energie AG Namen-Akt.;DU300937;DE000A0H52F5;XETR
mwb fairtrade Wertpapierhandelsbank AG;MWB;DE0006656101;XETR
Nabaltec AG;DU301331;DE000A0KPPR7;XETR
NAHL Group PLC;NAH;GB00BM7S2W63;XLON
Naked Wines PLC;WINE;GB00B021F836;XLON
Nanobiotix SA;NANO;FR0011341205;XPAR
Nanoco Group PLC;NANO;GB00B01JLR99;XLON
Nanogate AG;DU301041;DE000A0JKHC9;XETR
National Grid PLC;NG/;GB00BDR05C01;XLON
Nationale Bank / Banque Nationale;BNB;BE0003008019;XBRU
Natixis;KN;FR0000120685;XPAR
Naturgy Energy Group SA;NTGY;ES0116870314;XMAD
Naturhouse Health SAU;NTH;ES0105043006;XMAD
Natuzzi Spa -ADR-;NTZ;US63905A2006;XNYS
Navigator Holdings Ltd;NVGS;MHY621321089;XNYS
Navya SA;NAVYA;FR0013018041;XPAR
NCC Group PLC;NCC;GB00B01QGK86;XLON
Nedap;NEDAP;NL0000371243;XAMS
NedSense Enterprises NV;931284;NL0009312842;XAMS
NEL ASA;NEL;NO0010081235;XOSL
Nemetschek AG;DU301522;DE0006452907;XETR
Neocom Multimedia;MLNEO;FR0004157543;XPAR
Neoen SA;NEOEN;FR0011675362;XPAR
Neolife;ALNLF;FR0011636083;XPAR
Neovacs;ALNEV;FR0004032746;XPAR
NetEnt AB -B-;NETB;SE0012455525;XSTO
Netgem SA;NTG;FR0004154060;XPAR
Neurones;NRO;FR0004050250;XPAR
Neways Electronics International;44061;NL0000440618;XAMS
NewsInvest;MLNEI;FR0010358507;XPAR
Newtree;BE320200;BE0003832491;XBRU
Nexans;NEX;FR0000044448;XPAR
Nexity;NXI;FR0010112524;XPAR
Next PLC;NXT;GB0032089863;XLON
Nextedia;ALNXT;FR0004171346;XPAR
NextStage SCA;NEXTS;FR0012789386;XPAR
Nexus AG;DU300192;DE0005220909;XETR
NH Hotel Group SA;ES340038;ES0161560018;XMAD
NIBC Holding NV;NIBC;NL0012756316;XAMS
Nicolas Correa SA;NEA;ES0166300212;XMAD
Nicolas Miguet;FR311115;FR0010500363;XPAR
Nicox;COX;FR0013018124;XPAR
NN Group NV;NN;NL0010773842;XAMS
Noble Corp PLC;NE;GB00BFG3KF26;XNYS
NoHo Partners Oyj;NOHO;FI4000064332;XHEL
Nokia Corp -ADR-;NOK;US6549022043;XNYS
Nokia Oyj;NOKIA;FI0009000681;XHEL
Non-Standard Finance PLC;NSF;GB00BRJ6JV17;XLON
NorCom Information Technology AG;NC5A;DE000A12UP37;XETR
Nordea Bank Apb;NDA;FI4000297767;XSTO
Nordex AG.;DU300630;DE000A0D6554;XETR
Nordic American Tankers Ltd;NAT;BMG657731060;XNYS
Nordic Entertainment Group -B-;NENTB;SE0012116390;XSTO
Nordic Semiconductor ASA;NO570065;NO0003055501;XOSL
Norma Group SE;NOEJ;DE000A1H8BV3;XETR
Norsk Hydro ASA;NHY;NO0005052605;XOSL
Northamber PLC;NAR;GB00B2Q99X01;XLON
Northern Bear PLC;NTBR;GB00B19FLM15;XLON
Northgate PLC;GB400528;GB00B41H7391;XLON
Norwegian Finans Holding ASA;NOFI;NO0010387004;XOSL
NOS SGPS;NOS;PTZON0AM0006;XLIS
Novabase;PT350039;PTNBA0AM0006;XLIS
Novacyt;ALNOV;FR0010397232;XPAR
Novatech Industries SA;MLNOV;FR0000185464;XPAR
Novo Nordisk A/S -B-;NOVC;DK0060534915;XETR
Novozymes A/S -B-;NZYMB;DK0060336014;XCSE
Noxxon Pharma NV;ALNOX;NL0012044762;XPAR
NR21 -Delisted-;BE320263;FR0004166155;XBRU
NRJ Group;NRG;FR0000121691;XPAR
NSC Groupe;ALNSC;FR0000064529;XPAR
NSE;ALNSE;FR0004065639;XPAR
Numis Corporation PLC;NUM;GB00B05M6465;XLON
NV Nieuwe Nederlandsch-Am;12162;NL0000121622;XBRU
NXP Semiconductors NV;NXPI;NL0009538784;XNAS
Nynomic AG;DU301593;DE000A0MSN11;XETR
Nyrstar;NYR;BE0974294267;XBRU
O Sorbet D'amour;MLOSA;FR0013072741;XPAR
O2I;ALODI;FR0010231860;XPAR
OBER;ALOBR;FR0010330613;XPAR
Oberbank AG;AT360088;AT0000625108;XWBO
Obrascon Huarte Lain SA;ES340159;ES0142090317;XMAD
Oceasoft -Acquired-;FR314981;FR0012407096;XPAR
OCI;OCI;NL0010558797;XAMS
Octopus Robots;MLOCT;FR0013310281;XPAR
Oeneo;SBT;FR0000052680;XPAR
Oesterreichische Post AG;POST;AT0000APOST4;XWBO
OHB SE;DU301359;DE0005936124;XETR
OL Groupe;OLG;FR0010428771;XPAR
Olidata SpA;OLI;IT0001350625;MTAA
Olmix SA;FR312053;FR0010176115;XPAR
OMV AG;OMV;AT0000743059;XWBO
Oncodesign Biotechnology;ALONC;FR0011766229;XPAR
Onlineformapro SA;MLONL;FR0004174712;XPAR
Ontex Group NV;ONTEX;BE0974276082;XBRU
Onxeo SA;ONXEO;FR0010095596;XPAR
Openjob SpA;OJM;IT0003683528;MTAA
Orange;ORA;FR0000133308;XPAR
Orange Belgium;OBEL;BE0003735496;XBRU
Oranjewoud;37041;NL0000370419;XAMS
Orapi;ORAP;FR0000075392;XPAR
Orchestra Premaman SA;KAZI;FR0013190410;XPAR
Orco Property Group;ORCL;LU0122624777;XLUX
Ordina;ORD;NL0000440584;XAMS
Ordissimo SA;ALORD;FR0013318052;XPAR
Orege;OREGE;FR0010609206;XPAR
Origin Enterprises PLC;OGN;IE00B1WV4493;XDUB
Orkla ASA;ORK;NO0003733800;XOSL
Orpea;OP1;FR0000184798;XPAR
Orsero SpA;ORS;IT0005138703;XAIM
Orsted A/S;ORSTED;DK0060094928;XCSE
Oryzon Genomics SA;ORY;ES0167733015;XMAD
OSE Immuno;OSE;FR0012127173;XPAR
Osmozis SAS;ALOSM;FR0013231180;XPAR
Osram Licht AG;OSR;DE000LED4000;XETR
Outotec Oyj;OTE1V;FI0009014575;XHEL
OVS SpA;OVS;IT0005043507;MTAA
Oxatis SACA;ALOXA;FR0013328184;XPAR
Oxurion NV;OXUR;BE0003846632;XBRU
Pacte Novation;MLPAC;FR0000077992;XPAR
Pagegroup PLC;GB400147;GB0030232317;XLON
Paion AG;DU300605;DE000A0B65S3;XETR
Pairi Daiza -Delisted-;BE320253;BE0003771855;XBRU
Palfinger AG;AT360070;AT0000758305;XWBO
Palmeraies de Mopoli SA;BE320239;NL0000488161;XBRU
Palmeraies de Mopoli SA -shs-;BE320262;NL0000488153;XBRU
Pan African Resources PLC;GB400652;GB0004300496;XLON
Panariagroup Industrie Ceram;PAN;IT0001467577;MTAA
Pandora A/S;PNDORA;DK0060252690;XCSE
Pantaflix AG;PAL;DE000A12UPJ7;XETR
Papeteries Catala SA -Delisted-;BE320279;BE0003434397;XBRU
Paradox Interactive AB;PDX;SE0008294953;XSTO
Paragon AG;DU300564;DE0005558696;XETR
PARAGON ID SA;PID;FR0013318813;XPAR
Parfex;MLPFX;FR0000185928;XPAR
Parrot SA;PARRO;FR0004038263;XPAR
Parx Materials NV;MLPRX;NL0012650535;XPAR
Passat SA;FR310779;FR0000038465;XPAR
PATRIZIA AG;PAT;DE000PAT1AG3;XETR
PCAS;PCA;FR0000053514;XPAR
PCB SA -Delisted-;BE320339;BE0003503118;XBRU
Pearson PLC;PSON;GB0006776081;XLON
Pearson PLC -ADR-;US114095;US7050151056;XNYS
Pennon Group PLC;PNN;GB00B18V8630;XLON
Pentair PLC;PNR;IE00BLS09M33;XNYS
Pernod-Ricard;RI1;FR0000120693;XPAR
Perrigo Co Plc;PRGO;IE00BGH1M568;XNYS
Persimmon PLC;PSN;GB0006825383;XLON
Petro Welt Technologies AG;DU301072;AT0000A00Y78;XETR
Petrofac Ltd;GB400217;GB00B0H2K534;XLON
Petropavlovsk PLC;GB400670;GB0031544546;XLON
Pets at Home Group PLC;PETS;GB00BJ62K685;XLON
Peugeot;UG1;FR0000121501;XPAR
Pfeiffer Vacuum Technology AG;DU301068;DE0006916604;XETR
PGS ASA;PGS;NO0010199151;XOSL
Pharmagest Interactive;PHA;FR0012882389;XPAR
Pharmanutra SpA;PHN;IT0005274094;XAIM
Pharmasimple SA;ALPHS;BE0974302342;XPAR
Pharming Group;PHARM;NL0010391025;XAMS
Pharnext SA;ALPHA;FR0011191287;XPAR
PHarol SGPS SA;PHR;PTPTC0AM0009;XLIS
Philips Electronics US  -ADR-;US110338;US5004723038;XNYS
Philips NV;PHI;NL0000009538;XAMS
Phoenix Solar Akt;DE300584;DE000A0BVU93;XETR
Phone Web;MLPHW;FR0000185480;XPAR
Photo-Me International PLC;PHTM;GB0008481250;XLON
Photonike Capital;MLPHO;BE0948608451;XPAR
Piaggio & C. SpA;PIA;IT0003073266;MTAA
Picanol;BE320114;BE0003807246;XBRU
Pierre et Vacances;VAC;FR0000073041;XPAR
Pininfarina SPA;PINF;IT0003056386;MTAA
Pirelli & C. SpA;PIRC;IT0005278236;MTAA
Pironet NDH AG;DU300639;DE0006916406;XETR
Piscines Desjoyaux SA;ALPDX;FR0000061608;XPAR
Pittards PLC;PTD;GB00BHB1XR83;XLON
Pixium Vision SA;PIX;FR0011950641;XPAR
Placoplatre Lambert;MLPLC;FR0000030769;XPAR
Plan Optik AG;P4O;DE000A0HGQS8;XETR
Planet.fr;ALPLA;FR0010211037;XPAR
Plant Advanced Technologies SA;FR315189;FR0010785790;XPAR
Plastic Omnium SA;POM;FR0000124570;XPAR
Plastivaloire;PVL;FR0013252186;XPAR
PNE Wind AG;DU300719;DE000A0JBPG2;XETR
Polar Capital Holdings PLC;POLR;GB00B1GCLT25;XLON
Polytec Holding AG;AT360069;AT0000A00XX9;XWBO
Porceleyne Fles;A37866;NL0000378669;XAMS
Poste Italiane SpA;PST;IT0003796171;MTAA
PostNL;PNL;NL0009739416;XAMS
Poujoulat;ALPJT;FR0000066441;XPAR
Poulaillon SA;ALPOU;FR0013015583;XPAR
Poxel SA;POXEL;FR0012432516;XPAR
Precia SA;PREC;FR0000060832;XPAR
Predilife SA;ALPRE;FR0010169920;XPAR
President Energy PLC;GB400741;GB00B3DDP128;XLON
Pressure Technologies PLC;PRES;GB00B1XFKR57;XLON
Prima Industrie SPA;PRI;IT0003124663;MTAA
Prismaflex International;ALPRI;FR0004044600;XPAR
Proactis SA;PROAC;FR0004052561;XPAR
Prodware;ALPRO;FR0010313486;XPAR
Prodways Group;PWG;FR0012613610;XPAR
Progress-Werk Oberkirch AG;DU301049;DE0006968001;XETR
Prologue Act. Prov. Regroupement;PROL;FR0010380626;XPAR
Prosegur Cash SA;CASH;ES0105229001;XMAD
Prosegur Compania de Seguridad SA;PSG;ES0175438003;XMAD
ProSiebenSat.1 Media SE;PSM;DE000PSM7770;XETR
Prosus NV;PRX;NL0013654783;XAMS
Prothena Corp PLC;PRTA;IE00B91XRN20;XNAS
Providence Resources PLC;IE380124;IE00B66B5T26;XDUB
Provident Financial PLC;PFG;GB00B1Z4ST84;XLON
Proximus;BLG;BE0003810273;XBRU
Prudential PLC;PRU;GB0007099541;XLON
Prudential PLC -ADR-;PUK;US74435K2042;XNYS
Prysmian SpA;PRY;IT0004176001;MTAA
PSB Industries SA;PSB;FR0000060329;XPAR
PSI AG;DU301933;DE000A0Z1JH9;XETR
Publicis Groupe;PUB;FR0000130577;XPAR
Puma SE;PUM;DE0006969603;XETR
PV Crystalox Solar PLC;PVCS;GB00BJ0CHQ31;XLON
PVA Tepla AG;DU300746;DE0007461006;XETR
PZ Cussons PLC;GB400846;GB00B19Z1432;XLON
Qiagen NV;QIA;NL0012169213;XETR
Qinetiq PLC;GB400162;GB00B0WMWD03;XLON
QSC AG;DU300484;DE0005137004;XETR
QT Group Oyj;QTCOM;FI4000198031;XHEL
Quadient SAS;QDT;FR0000120560;XPAR
Quantum Genomics SAS;ALQGC;FR0011648971;XPAR
Quest For Growth;BE320055;BE0003730448;XBRU
Quixant PLC;QXT;GB00B99PCP71;XLON
Qwamplify SA;ALQWA;FR0010889386;XPAR
Raiffeisen Bank International AG;RBI;AT0000606306;XWBO
Raisio PLC;FI370015;FI0009002943;XHEL
Rallye;RAL;FR0000060618;XPAR
Ramsay Gen Sante;FR310228;FR0000044471;XPAR
Randstad;RND;NL0000379121;XAMS
Rational AG;DU300215;DE0007010803;XETR
Ratos AB;RATOB;SE0000111940;XSTO
Reach PLC;RCH;GB0009039941;XLON
Realco SA;BE320340;BE0003841583;XBRU
Realdolmen -Acquired-;BE320268;BE0003899193;XBRU
Realites Promotion;ALREA;FR0011858190;XPAR
Realtech AG;DU300093;DE0007008906;XETR
Reckitt Benckiser Group PLC;RB/;GB00B24CGK77;XLON
Record PLC;REC;GB00B28ZPS36;XLON
Recordati Industria Chim.;REC;IT0003828271;MTAA
Recticel;BE320142;BE0003656676;XBRU
Recylex SA;RX;FR0000120388;XPAR
Red Electrica Corporacion SA;REE;ES0173093024;XMAD
Redde PLC;REDD;GB00BLWF0R63;XLON
Reditus SGPS;PT350046;PTRED0AP0010;XLIS
Refresco Group NV -Acquired;702507;NL0011214010;XAMS
Reibel Belgium SA;BE320233;BE0003829463;XBRU
RELX PLC;REL;GB00B2B0DG97;XLON
Remy Cointreau;RCO;FR0000130395;XPAR
REN SGPS SA;RENE;PTREL0AM0008;XLIS
Renault SA;RNO;FR0000131906;XPAR
Renewi PLC;RWI;GB0007995243;XLON
Renishaw PLC;GB400331;GB0007323586;XLON
Reno De Medici SpA;RM;IT0001178299;MTAA
Renold PLC;RNO;GB0007325078;XLON
Rentokil Initial PLC;GB400256;GB00B082RF11;XLON
Reply SpA;REY;IT0005282865;MTAA
Repsol SA;REP;ES0173516115;XMAD
Resilux;RES;BE0003707214;XBRU
Restaurant Group PLC;RTN;GB00B0YG1K06;XLON
Restore PLC;RST;GB00B5NR1S72;XLON
Retelit SpA;LIT;IT0004370463;MTAA
Revolution Bars Group PLC;RBG;GB00BVDPPV41;XLON
ReWorld;ALREW;FR0010820274;XPAR
Rexel SA;RXL;FR0010451203;XPAR
Rheinmetall AG;DU300645;DE0007030009;XETR
Rhoen-Klinikum AG;DU301110;DE0007042301;XETR
Rib Software SE;RIB;DE000A0Z2XN6;XETR
Riber SA;RIB;FR0000075954;XPAR
Ricardo PLC;RCDO;GB0007370074;XLON
Rightmove PLC;RMV;GB00BGDT3G23;XLON
Rio Tinto PLC;RIO;GB0007188757;XLON
Rio Tinto PLC -ADR-;RIO;US7672041008;XNYS
RM PLC;RM/;GB00BJT0FF39;XLON
Robertet SA;FR310472;FR0000039091;XPAR
Robertet SA-CI;CBE;FR0000045601;XPAR
Roberts Walters PLC;RWA;GB0008475088;XLON
Roche Bobois SA;RBO;FR0013344173;XPAR
Rocket Internet SE;RKET;DE000A12UKK6;XETR
Rockhopper Exploration PLC;GB400390;GB00B0FVQX23;XLON
Rockwool International A/S -B-;ROCKB;DK0010219153;XCSE
Roctool;ALROC;FR0010523167;XPAR
Rolls-Royce Holdings PLC;RR/;GB00B63H8491;XLON
RoodMicrotec;A44047;NL0000440477;XAMS
Rosenbauer International AG;AT360086;AT0000922554;XWBO
Rosier SA;BE320123;BE0003575835;XBRU
Rosslyn Data Technologies PLC;RDT;GB00BKX5CP01;XLON
Rothschild & Co;ROTH;FR0000031684;XPAR
Rotork PLC;GB402085;GB00BVFNZH21;XLON
Rottneros AB;RROS;SE0000112252;XSTO
Rougier SA;ALRGR;FR0000037640;XPAR
Roularta Media Group;BE320031;BE0003741551;XBRU
Rousselet Centrifugation SA;MLROU;FR0000035750;XPAR
Royal Bank of Scotland Group PLC;DU302375;GB00B7T77214;XETR
Royal Bank of Scotland Group PLC -ADR-;US113180;US7800976893;XNYS
Royal Dutch Shell  -A-  -ADR-;RDSA;US7802592060;XNYS
Royal Dutch Shell - B-;RDB;GB00B03MM408;XAMS
Royal Dutch Shell -A-;RD;GB00B03MLX29;XAMS
Royal Dutch Shell -B- ADR;US112286;US7802591070;XNYS
RSA Insurance Group PLC;RSA;GB00BKKMKR23;XLON
RTL Group;RRTL;LU0061462528;XETR
Rubis;RUI;FR0013269123;XPAR
RWE AG;RWE;DE0007037129;XETR
Ryanair Holdings PLC (EUR);RYA;IE00BYTBXV33;XLON
S&T AG;SANT;AT0000A0E9W5;XETR
Sabaf SPA;SAB;IT0001042610;MTAA
SABCA;BE320384;BE0003654655;XBRU
Sacyr SA;SCYR;ES0182870214;XMAD
Saes Getters SpA;SG;IT0001029492;MTAA
SAF-Holland SA;DU301558;LU0307018795;XETR
Safe Bulkers Inc;US113816;MHY7388L1039;XNYS
Safe Orthopaedics SA;ALSAF;FR0013467123;XPAR
SafeStyle UK PLC;SFE;JE00BGP63272;XLON
Safilo Spa;SFL;IT0004604762;MTAA
Safran SA;SAF;FR0000073272;XPAR
Safwood SpA;FR311233;IT0004013725;XPAR
Saga PLC;SAGA;GB00BLT1Y088;XLON
Sage Group PLC;SGE;GB00B8C3BL03;XLON
Sainsbury (J) PLC;SBRY;GB00B019KW72;XLON
Saint Jean Groupe SA;SABE;FR0000060121;XPAR
Saint-Gobain;SGO;FR0000125007;XPAR
Saipem SpA;SPM;IT0005252140;MTAA
Salini Impregilo SpA;IPG;IT0003865570;MTAA
Salvatore Ferragamo Italia SpA;SFER;IT0004712375;MTAA
Salzgitter AG;DU300653;DE0006202005;XETR
Sampo Oyj -A-;SAMPO;FI0009003305;XHEL
SAMSE SA;FR311958;FR0000060071;XPAR
Sanochemia Pharmazeutika AG;DU300228;AT0000776307;XETR
Sanofi;SA1;FR0000120578;XPAR
SAP AG.  -ADR-;US110889;US8030542042;XNYS
SAP SE;SAP;DE0007164600;XETR
Sapec -Delisted-;BE320157;BE0003625366;XBRU
Sapmer;ALMER;FR0010776617;XPAR
Saras Raffinerie Sarde SpA;SRS;IT0000433307;MTAA
Sartorius Stedim Biotech;DIM;FR0013154002;XPAR
Savencia SA;SAVE;FR0000120107;XPAR
SBM Offshore;SBM;NL0000360618;XAMS
Schaeffler AG;SHA;DE000SHA0159;XETR
Schaltbau Holding AG;SLT;DE000A2NBTL2;XETR
Scheerders van Kerchove;BE320269;BE0012378593;XBRU
Schibsted ASA -A-;SCHA;NO0003028904;XOSL
Schneider Electric SE;SU;FR0000121972;XPAR
Schoeller-Bleckmann Oilfield;SBO;AT0000946652;XWBO
Schroders PLC;SDR;GB0002405495;XLON
Scientific Brain Training;FR310883;FR0004175222;XPAR
Scor SE;SCR;FR0010411983;XPAR
Scout24 Holding;G24;DE000A12DM80;XETR
ScS Group PLC;SCS;GB00BRF0TJ56;XLON
Sdiptech AB -B-;SDIPB;SE0003756758;XSTO
SEB;SK;FR0000121709;XPAR
Seche Environnement SA;SCHP;FR0000039109;XPAR
Securinfor -Delisted-;MLSEC;FR0000071755;XPAR
Securitas AB -B-;SECUB;SE0000163594;XSTO
Selcodis;SLCO;FR0000065492;XPAR
Selvaag Bolig ASA;SBO;NO0010612450;XOSL
Semapa -Sociedade de;SEM;PTSEM0AM0004;XLIS
Semcon AB;SEMC;SE0000379497;XSTO
Semperit AG Holding;AT360028;AT0000785555;XWBO
SendR SE;SD1;DE000A1YDAZ7;XETR
Senior PLC;GB400206;GB0007958233;XLON
Sensorion SA;ALSEN;FR0012596468;XPAR
Senvion SA;SEN;LU1377527517;XETR
Sequa Petroleum NV;MLSEQ;NL0010623518;XPAR
Sequans Communications SA -ADR-;SQNS;US8173232070;XNYS
Serco Group PLC;GB400640;GB0007973794;XLON
Serge Ferrari SAS Group;SEFER;FR0011950682;XPAR
Serica Energy PLC;SQZ;GB00B0CY5V57;XLON
Serma Group;ALSER;FR0000073728;XPAR
Serviceware SE;SJJ;DE000A2G8X31;XETR
Ses Imagotag;SESL;FR0010282822;XPAR
Sesa SpA;SES;IT0004729759;MTAA
Severn Trent PLC;SVT;GB00B1FH8J72;XLON
SFC Energy AG;DU301091;DE0007568578;XETR
SGL Carbon SE;DU300085;DE0007235301;XETR
Shop Apotheke Europe NV;SAE;NL0012044747;XETR
Shurgard Self Storage Europe Sa rl;SHUR;LU1883301340;XBRU
SI Participations;ALSIP;FR0000061582;XPAR
Sias -acquired-;IT390101;IT0003201198;MTAA
Sidetrade;ALBFR;FR0010202606;XPAR
Siemens AG;781;DE0007236101;TNLB
Siemens Gamesa Renewable Energy;SGRE;ES0143416115;XMAD
Siemens Healthineers AG;SHL;DE000SHL1006;XETR
SIF Holding;SIFG;NL0011660485;XAMS
Signaux Girod;FR312097;FR0000060790;XPAR
Signify;LIGHT;NL0011821392;XAMS
SII;SII;FR0000074122;XPAR
Silicon on InsulatorTech (SOITEC);SOI;FR0013227113;XPAR
Silkan RT;MLARI;FR0010518605;XPAR
Siltronic AG;WAF;DE000WAF3001;XETR
SimCorp A/S;DK550099;DK0060495240;XCSE
Simo International SA;MLSIM;FR0004038818;XPAR
Singulus Technologies AG;SNG;DE000A1681X5;XETR
Sinnerschrader AG;DU300752;DE0005141907;XETR
Sioen Industries;SIOE;BE0003743573;XBRU
SIPEF;BE320266;BE0003898187;XBRU
SIPH;SIPH;FR0000036857;XPAR
Sirius Minerals PLC;GB400398;GB00B0DG3H29;XLON
Sixt SE;DU300220;DE0007231326;XETR
Skandinaviska Enskilda Banken AB -A-;SEBA;SE0000148884;XSTO
Skanska AB -B-;SKAB;SE0000113250;XSTO
SkiStar AB;SKISB;SE0012141687;XSTO
Sligro Food Group;SLIGR;NL0000817179;XAMS
SMA Solar Technology AG;DU301364;DE000A0DJ6J9;XETR
Smalto -Regroupe-;FR312040;FR0011131788;XPAR
Smartphoto Group;SMAR;BE0974323553;XBRU
SMCP S.A.S.;SMCP;FR0013214145;XPAR
Smith & Nephew PLC;SN/;GB0009223206;XLON
Smith & Nephew Plc  -ADR-;SNN;US83175M2052;XNYS
Smiths Group PLC;SMIN;GB00B1WY2338;XLON
SMT Scharf AG;DU301082;DE0005751986;XETR
Smurfit Kappa Group PLC (EUR);SKG;IE00B1RR8406;XDUB
Snam Rete Gas;SRG;IT0003153415;MTAA
Sniace;SNC;ES0165380017;XMAD
SnowWorld NV;SNOW;NL0010627865;XAMS
SNP Schneider-Neureither & Partner AG;SHF;DE0007203705;XETR
Soc d'Explosifs et de Produits Chi;EXPL;FR0000039026;XPAR
Soc d'Explosifs et de Produits Chi -FDR-;EPCP;FR0000037343;XPAR
Socidade Comercial Orey Antunes SA;ORE;PTORE0AM0002;XLIS
Societa Sportiva Lazio SPA;SSL;IT0003621783;MTAA
Societe Fermiere du Casino de Cannes;FCMC;FR0000062101;XPAR
Societe Francaise de Casinos;SFCA;FR0010209809;XPAR
Societe Generale;GLE;FR0000130809;XPAR
Societe Traqueur SA;ALTRA;FR0004043487;XPAR
Sodexo;SW;FR0000121220;XPAR
Sodifrance;SOA;FR0000072563;XPAR
Soditech Ingenierie;FR310413;FR0000078321;XPAR
Sofibus Patrimoine;FR311043;FR0000038804;XPAR
Sofina SA;SOF;BE0003717312;XBRU
Sofragi;SOFR;FR0000030140;XPAR
Softimat;BE320073;BE0003773877;XBRU
Software AG;SOW;DE000A2GS401;XETR
Sogeclair;SOG;FR0000065864;XPAR
Sogefi SpA;SO;IT0000076536;MTAA
Sol SpA;SOL;IT0001206769;MTAA
Solar Millenium AG;DU300738;DE0007218406;XETR
Solaria Energia y Medio Ambiente, SA;ES340126;ES0165386014;XMAD
Solocal Group;LOCAL;FR0012938884;XPAR
Solon SE;DU300398;DE0007471195;XETR
Solutions 30 SE;ALS30;FR0013379484;XPAR
Solvay;SOL;BE0003470755;XBRU
Somec SpA;SOM;IT0005329815;XAIM
Somfy SA;SO;FR0013199916;XPAR
Sonae;SON;PTSON0AM0001;XLIS
Sonae Capital SGPS;SONC;PTSNP0AE0008;XLIS
Sonae Industria SGPS SA;SONI;PTS3P0AM0025;XLIS
SonaeCom;PT350069;PTSNC0AM0006;XLIS
Sopheon PLC;SPE;GB00BSZM1369;XLON
Sophos Group PLC;SOPH;GB00BYZFZ918;XLON
Sopra Steria Group;SOP;FR0000050809;XPAR
Spadel SA;BE320179;BE0003798155;XBRU
Sparebank 1 Nord-Norge;NO570091;NO0006000801;XOSL
SpareBank 1 SR Bank ASA;SRBANK;NO0010631567;XOSL
SpareBanken Vest;NO570161;NO0006000900;XOSL
Spectris PLC;GB400674;GB0003308607;XLON
Speed Rabbit Pizza SA;MLSRP;FR0000054371;XPAR
SPIE SA;SPIE;FR0012757854;XPAR
SpineGuard SA;ALSGD;FR0011464452;XPAR
Spineway SA;ALSPW;FR0011398874;XPAR
Spir Communication;SPI;FR0000131732;XPAR
Spirent Communications PLC;GB400271;GB0004726096;XLON
Splendid Medien AG;DU300897;DE0007279507;XETR
Sport Lisboa e Benfica Futebol SAD;PT350093;PTSLB0AM0010;XLIS
Sport1 Medien AG;EV4;DE0009147207;XETR
Spotify Technology SA;SPOT;LU1778762911;XNYS
SQLI SA -regroupe-;SQI;FR0011289040;XPAR
SRP Groupe SA;SRP;FR0013006558;XPAR
SSAB AB -A-;SSABA;SE0000171100;XSTO
SSAB AB -B-;SSABB;SE0000120669;XSTO
SSE PLC;SSE;GB0007908733;XLON
ST Dupont SA;DPT;FR0000054199;XPAR
St. James's Place PLC;STJ;GB0007669376;XLON
Stabilus SA;STM;LU1066226637;XETR
Stada Arzneimittel AG;DU300462;DE0007251803;XETR
Stagecoach Group PLC;GB400619;GB00B6YTLS95;XLON
Standard Chartered PLC;STAN;GB0004082847;XLON
Standard Life Aberdeen PLC;SLA;GB00BF8Q6K64;XLON
Ste Ind Fin De L'Artois SA;FR310643;FR0000076952;XPAR
Stealthgas Inc;US125991;MHY816691064;XNAS
Stef;STF;FR0000064271;XPAR
Stefanel SpA;STEF;IT0004607518;MTAA
Steico SE;DU301434;DE000A0LR936;XETR
Stentys;STNT;FR0010949404;XPAR
Stern Groep;STRN;NL0000336303;XAMS
STMicroelectronics NV;ST1;NL0000226223;XPAR
Stora Enso Oyj -R-;STERV;FI0009005961;XHEL
Strabag SE;AT360078;AT000000STR1;XWBO
Stradim - Espace Finances SA;ALSAS;FR0000074775;XPAR
StreamWIDE SA;ALSTW;FR0010528059;XPAR
Streit Mecanique;MLSTR;FR0000063976;XPAR
Stroeer SE & Co KGaA;SAX;DE0007493991;XETR
StrongPoint ASA;STRONG;NO0010098247;XOSL
STV Group PLC;STVG;GB00B3CX3644;XLON
Subsea 7 SA;SUBC;LU0075646355;XOSL
Sucraf;BE320218;BE0003463685;XBRU
Suedzucker AG;SZU;DE0007297004;XETR
Suez;SE1;FR0010613471;XPAR
Superdry PLC;SDRY;GB00B60BD277;XLON
SuperSonic Imagine SA;SSI;FR0010526814;XPAR
Surteco Group SE;SUR;DE0005176903;XETR
Svenska Cellulosa AB -A-;SCAA;SE0000171886;XSTO
Svenska Cellulosa AB -B-;SCAB;SE0000112724;XSTO
Svenska Handelsbanken AB -A-;SHBA;SE0007100599;XSTO
Svolder AB -B-;SVOLB;SE0010663310;XSTO
Swedbank AB -A-;SWEDA;SE0000242455;XSTO
Swedish Match AB;SWMA;SE0000310336;XSTO
Swedish Orphan Biovitrum AB;SOBI;SE0000872095;XSTO
Sword Group;SWP;FR0004180578;XPAR
Symrise AG;DU301008;DE000SYM9999;XETR
Synergie SA;SDG;FR0000032658;XPAR
System1 Group;SYS1;GB00B1GVQH21;XLON
TAG Immobilien AG;DU300664;DE0008303504;XETR
Takkt AG;DU300413;DE0007446007;XETR
Talanx AG;TLX;DE000TLX1005;XETR
Tarkett SA;TKTT;FR0004188670;XPAR
TAS - Technologia Avanzata dei Sistemi;IT390392;IT0001424644;MTAA
Tasty PLC;TAST;GB00B17MN067;XLON
Tate & Lyle PLC;GB400096;GB0008754136;XLON
Taylor Wimpey PLC;TW/;GB0008782301;XLON
Team Kalorik NV -Delisted-;BE320288;BE0003852697;XBRU
TEAM SA;MLTEA;FR0000033466;XPAR
TeamViewer AG;TMV;DE000A2YN900;XETR
Technicolor -Regroupe-;TCH;FR0010918292;XPAR
TechnipFMC PLC;FTI;GB00BDSFG982;XPAR
Technogym SpA;TGYM;IT0005162406;MTAA
Technotrans AG;DU300436;DE000A0XYGA7;XETR
Tecnicas Reunidas SA;TRE;ES0178165017;XMAD
Ted Baker PLC;TED;GB0001048619;XLON
Teixeira Duarte SA;PT350081;PTTD10AM0000;XLIS
Tele2 AB -B-;TEL2B;SE0005190238;XSTO
Telecom Italia rnc;TITR;IT0003497176;MTAA
Telecom Italia SpA;TIT;IT0003497168;TNLB
Telecom Italia Spa. -ADR- -OTCPK-;TIIAY;US87927Y1029;OTCB
Telefonica SA;TEF;ES0178430E18;XMAD
Telekom Austria;TKA;AT0000720008;XWBO
Telenet Group Holding;TLN;BE0003826436;XBRU
Telenor ASA;TEL;NO0010063308;XOSL
Teleperformance;TEP;FR0000051807;XPAR
Teles AG;DU300091;DE0007454902;XETR
Televista SA;MLVST;FR0011076595;XPAR
Telia Co AB;TELIA;SE0000667925;XSTO
Telit Communications PLC;TCM;GB00B06GM726;XLON
Tenaris - ADR;US112499;US88031M1099;XNYS
Tenaris SA;TEN;LU0156801721;MTAA
Ter Beke;BE320191;BE0003573814;XBRU
Terna SpA;TRN;IT0003242622;MTAA
TerniEnergia SpA;TER;IT0004359037;MTAA
Ternium SA  -ADR-;US112436;US8808901081;XNYS
Tesco PLC;TSCO;GB0008847096;XLON
Tesmec SpA;TES;IT0004585243;MTAA
Tessenderlo Group;TESB;BE0003555639;XBRU
Tessi SA;TES;FR0004529147;XPAR
Tethys Oil AB;TETY;SE0012455202;XSTO
Texaf SA;TEXF;BE0974263924;XBRU
TF 1;TFI;FR0000054900;XPAR
TFF Group SA;TFF;FR0013295789;XPAR
Thales;HO;FR0000121329;XPAR
The Blockchain Group;ALTBG;FR0011053636;XPAR
The Go-Ahead Group PLC;GB400221;GB0003753778;XLON
The Navigator Co SA;NVG;PTPTI0AM0006;XLIS
Theraclion;ALTHE;FR0010120402;XPAR
Theradiag;ALTER;FR0004197747;XPAR
TheraNexus SA;ALTHX;FR0013286259;XPAR
Thermador Groupe;THEP;FR0013333432;XPAR
Thruvision Group PLC;THRU;GB00B627R876;XLON
ThyssenKrupp AG;TKA;DE0007500001;XETR
TietoEVRY Oyj;TIETO;FI0009000277;XHEL
Tikehau Capital SCA;TKO;FR0013230612;XPAR
TINC;TINC;BE0974282148;XBRU
Tipiak SA;TIPI;FR0000066482;XPAR
Tiscali SpA;TISN;IT0004513666;TNLB
Tivoly;TVLY;FR0000060949;XPAR
TKH Group;TWEKA;NL0000852523;XAMS
TOD's SpA;TOD;IT0003007728;MTAA
TOM TAILOR Holding SE;DU301699;DE000A0STST2;XETR
Tomra Systems ASA;TOM;NO0005668905;XOSL
TomTom;TOM2;NL0013332471;XAMS
Total Produce PLC;GB400163;IE00B1HDWM43;XLON
Total SA;FP;FR0000120271;XPAR
Touax SCA;TOUP;FR0000033003;XPAR
TOUPARGEL Groupe;FR310787;FR0000039240;XPAR
Toyota Caetano Portugal SA;PT350080;PTSCT0AP0018;XLIS
Traffic Systems SE;IXX;DE0005759807;XETR
Tramways de Rouen;MLTRA;FR0000031866;XPAR
Tramways Du Var et Du Gard;MLCVG;FR0000051567;XPAR
Transgene SA;TNG;FR0005175080;XPAR
Traton SE;8TRA;DE000TRAT0N7;XETR
Travel Technology Interactive SA;ALTTI;FR0010383877;XPAR
Trifast PLC;TRI;GB0008883927;XLON
Trigano;TRI;FR0005691656;XPAR
Trilogiq;ALTRI;FR0010397901;XPAR
Trinity Biotech Plc.  -ADR-;US121413;US8964383066;XNAS
Troc de L'ile;MLTRO;FR0000031106;XPAR
Tronic's Microsystems;ALTRO;FR0004175099;XPAR
Tsakos Energy;US112938;BMG9108L1081;XNYS
TT electronics PLC;GB400667;GB0008711763;XLON
Tubacex SA;ES340031;ES0132945017;XMAD
TUI AG;TUI;DE000TUAG000;XLON
Tullow Oil PLC;IE380131;GB0001500809;XDUB
Tungsten Corporation PLC;TUNG;GB00B7Z0Q502;XLON
Txcom;ALTXC;FR0010654087;XPAR
Txt E-Solutions SpA;TX;IT0001454435;MTAA
U&I Learning;BE320232;BE0003847648;XBRU
U10 CORP;ALU10;FR0000079147;XPAR
Ubi Banca SpA;UBI;IT0003487029;MTAA
UBISOFT Entertainment;UBI;FR0000054470;XPAR
Ucar;ALUCR;FR0011070457;XPAR
UCARE SERVICES Belgique;PNSB;BE0003838555;XBRU
UCB;UCB;BE0003739530;XBRU
UDG Healthcare PLC;UDG;IE0033024807;XLON
UET United Electronic Technology AG;DU301898;DE000A0LBKW6;XETR
Umanis SA -Regroupe-;ALUMS;FR0013263878;XPAR
Umicore;UMI;BE0974320526;XBRU
Unibel;UNBL;FR0000054215;XPAR
UniCredit SpA;UCG;IT0005239360;MTAA
Unieuro SpA;UNIR;IT0005239881;MTAA
Unilever;UNA;NL0000388619;XAMS
Unilever PLC;ULVR;GB00B10RZP78;XLON
Union Financiere de France Banque SA UFF;UFF;FR0000034548;XPAR
Union Technologies Informatique;FPG;FR0000074197;XPAR
Uniphar public Limited Co;UPR;IE00BJ5FQX74;XDUB
Unipol SpA;UNI;IT0004810054;MTAA
uniQure NV;QURE;NL0010696654;XNAS
United Internet AG;DU300355;DE0005089031;XETR
United Labels AG;ULC;DE0005489561;XETR
United Utilities Group PLC;UU/;GB00B39J2M42;XLON
Universe Group PLC;UNG;GB0009483594;XLON
Upergy;ALUPG;FR0010337865;XPAR
UPM-Kymmene Oyj;UPM;FI0009005987;XHEL
Valbiotis SAS;ALVAL;FR0013254851;XPAR
Valeo;FR;FR0013176526;XPAR
Vallourec;VK;FR0000120354;XPAR
Valneva SE;VLA;FR0004056851;XPAR
Value8 NV;VALUE;NL0010661864;XAMS
Van de Velde;BE320211;BE0003839561;XBRU
Van Lanschot Kempen NV;VLK;NL0000302636;XAMS
Varta AG;VAR1;DE000A0TGJ55;XETR
Veidekke ASA;VEI;NO0005806802;XOSL
Vente-Unique.Com SA;ALVU;FR0010766667;XPAR
Veolia Environnement;VIE;FR0000124141;XPAR
Verallia SA;VRLA;FR0013447729;XPAR
Verbio AG;DU301034;DE000A0JL9W6;XETR
Verbund AG;VER;AT0000746409;XWBO
Vergnet SA;ALVER;FR0004155240;XPAR
Verimatrix SA;VMX;FR0010291245;XPAR
Verneuil Finance;VRNL;FR0000062465;XPAR
Verney-Carron SA;MLVER;FR0006174496;XPAR
Vertu Motors PLC;VTU;GB00B1GK4645;XLON
Vestas Wind Systems AS;VWS;DK0010268606;XCSE
Vetoquinol SA;VETO;FR0004186856;XPAR
VGP;BE320392;BE0003878957;XBRU
Vialife;ALVIA;FR0010326090;XPAR
Vianini SpA;VIA;IT0003127898;MTAA
VIB Vermoegen AG;VIH1;DE000A2YPDD0;XETR
Vicat;VCT;FR0000031775;XPAR
Victrex PLC;GB401154;GB0009292243;XLON
Videlio;VDLO;FR0000066680;XPAR
Vidrala SA;VID;ES0183746314;XMAD
Viel et Companie;VIL;FR0000050049;XPAR
Vienna Insurance Gr Akt.;VIG;AT0000908504;XWBO
Viking Line Abp;FI370134;FI0009005250;XHEL
Villeroy & Boch;DU300411;DE0007657231;XETR
Vilmorin et Cie;RIN;FR0000052516;XPAR
Vinci SA;DG1;FR0000125486;XPAR
Virbac;VIRP;FR0000031577;XPAR
Viscofan SA;VIS;ES0184262212;XMAD
Viscom AG;DU301528;DE0007846867;XETR
Visiativ SA;ALVIV;FR0004029478;XPAR
Visio Nerf;MLVIS;FR0010033480;XPAR
Visiodent SA;FR310088;FR0000065765;XPAR
Visiomed Group;ALVMG;FR0011067669;XPAR
Vista Alegre Atlantis SGPS SA;VAF;PTVAA0AM0019;XLIS
Vistin Pharma AS;NO570237;NO0010734122;XOSL
Vistry Group PLC;VTY;GB0001859296;XLON
Vitec Software Group AB -B-;VITB;SE0007871363;XSTO
Vivendi SA;EX1;FR0000127771;XPAR
Vivoryon Therapeutics AG;VVY;DE0007921835;XAMS
Vocento SA;VOC;ES0114820113;XMAD
Vodafone Group PLC;VOD;GB00BH4HKS39;XLON
Voestalpine AG;VOE;AT0000937503;XWBO
VOGO SA;ALVGO;FR0011532225;XPAR
VolkerWessels;KVW;NL0012294466;XAMS
Volkswagen AG;DU300030;DE0007664005;XETR
Voltalia;VLTNR;FR0011995588;XPAR
Voluntis SA;VTX;FR0004183960;XPAR
Volvere PLC;VLE;GB0032302688;XLON
Volvo AB -B-;VOLVB;SE0000115446;XSTO
Vonovia SE;VNA;DE000A1ML7J1;XETR
Vopak;VPK;NL0009432491;XAMS
Vossloh AG;DU300445;DE0007667107;XETR
Voxeljet AG -ADR-;VJET;US92912L1070;XNYS
Voyageurs du Monde SA;FR310677;FR0004045847;XPAR
Vranken Pommery Monopole;VRAP;FR0000062796;XPAR
VTG AG;DU301554;DE000VTG9999;XETR
Vtion Wireless Technology AG;DU301407;DE000CHEN993;XETR
W Resources PLC;GB400863;GB00B0358H47;XLON
Wacker Chemie AG;DU300932;DE000WCH8881;XETR
Wacker Neuson SE;DU301211;DE000WACK012;XETR
Wallix Group;ALLIX;FR0010131409;XPAR
WashTec AG;DU301014;DE0007507501;XETR
Watchstone Group PLC;WTG;GB00BYNBFN51;XLON
Wavestone;WAVE;FR0013357621;XPAR
WE Connect;ALWEC;FR0013079092;XPAR
Weaccess Group;MLWEA;FR0010688465;XPAR
Weborama;FR310653;FR0010337444;XPAR
Webstep AS;WSTEP;NO0010609662;XOSL
Wedia;ALWED;FR0010688440;XPAR
Weir Group PLC;GB400583;GB0009465807;XLON
Wendel SA;MF;FR0000121204;XPAR
Westgrund AG;WEG1;DE000A0HN4T3;XETR
Whitbread PLC;WTB;GB00B1KJJ408;XLON
Wienerberger AG;WIE;AT0000831706;XWBO
Wiit SpA;WIIT;IT0004922826;XAIM
William Hill PLC;GB400509;GB0031698896;XLON
Williams F1;DU302087;DE000A1H6VM4;XETR
Wilson ASA;WILS;NO0010252356;XOSL
Wirecard AG;WDI;DE0007472060;XETR
Witbe.net;ALWIT;FR0013143872;XPAR
Wolford AG;AT360032;AT0000834007;XWBO
Wolters Kluwer;WKL;NL0000395903;XAMS
Worldline SA;WLN;FR0011981968;XPAR
WPP PLC;WPP;JE00B8KF9B49;XLON
X-Fab Silicon Foundries SE;XFAB;BE0974310428;XPAR
Xaar PLC;XAR;GB0001570810;XLON
Xilam Animation;XIL;FR0004034072;XPAR
XLMedia PLC;XLM;JE00BH6XDL31;XLON
XPO Logistics Europe SA;FR310251;FR0000052870;XPAR
XXL ASA;XXL;NO0010716863;XOSL
Yara International ASA;YAR;NO0010208051;XOSL
Ymagis SA;MAGIS;FR0011471291;XPAR
YouGov PLC;YOU;GB00B1VQ6H25;XLON
Zalando SE;ZAL;DE000ZAL1111;XETR
Zardoya Otis SA;ES340091;ES0184933812;XMAD
Zenitel -auction-;ZENT;BE0974311434;XBRU
Zetes Industries SA -delisted-;BE320197;BE0003827442;XBRU
ZhongDe Waste Technology AG;DU301120;DE000ZDWT018;XETR
Zignago Vetro SPA;ZV;IT0004171440;MTAA
Zooplus AG;DU301514;DE0005111702;XETR
Zumtobel Group AG;ZAG;AT0000837307;XWBO
